time_stamp,region,service_type,usage_units,provisioned_capacity,cost_usd,availability_pct,economic_indicator_index,market_demand_index,product_launch_impact,year,month,quarter,week_of_year,is_month_start,is_month_end,lag_1,lag_2,lag_4,lag_8,rolling_mean_3,rolling_mean_6,rolling_std_3,rolling_std_6,capacity_utilization,growth_rate_1,growth_rate_4,spike_flag,region_East Us,region_Southeast Asia,region_West Europe,service_Storage
2021-05-01,Central India,Compute,852.5,929.99,102.3,97.88,97.03,92.14,0,2021,5,2,17,1,0,849.0,825.45,797.63,725.42,842.3166666666666,812.9549999999999,14.711418467752498,45.31553762232119,0.9166765234034775,0.0041224970553592755,0.06879129420909447,0,False,False,False,False
2021-05-15,Central India,Compute,822.77,869.71,98.73,97.56,97.63,92.43,0,2021,5,2,19,0,0,852.5,849.0,823.3,760.45,841.4233333333333,828.4416666666667,16.24877328703091,20.091599654250473,0.9460279863402743,-0.0348739002932551,-0.0006437507591400271,0,False,False,False,False
2021-06-01,Central India,Compute,854.46,928.97,102.54,98.32,97.54,93.1,1,2021,6,2,22,1,0,822.77,852.5,825.45,765.39,843.2433333333333,837.9133333333334,17.757489499738682,15.541440945635614,0.9197928888984575,0.038516231753709995,0.035144466654551954,0,False,False,False,False
2021-06-15,Central India,Compute,838.37,892.28,100.6,98.98,97.56,93.5,1,2021,6,2,24,0,0,854.46,822.77,849.0,729.85,838.5333333333333,840.4250000000001,15.845631364301319,13.831053105241564,0.939581745640382,-0.018830606464901867,-0.012520612485276805,0,False,False,False,False
2021-07-01,Central India,Compute,871.84,921.87,104.62,99.83,97.44,94.03,1,2021,7,3,26,1,0,838.37,854.46,852.5,797.63,854.89,848.1566666666668,16.73914274985424,16.495270433269056,0.9457298751450856,0.039922707157937554,0.022686217008797582,0,False,False,False,False
2021-07-15,Central India,Compute,840.96,961.44,100.91,97.61,98.89,93.55,1,2021,7,3,28,0,0,871.84,838.37,822.77,823.3,850.39,846.8166666666667,18.62132916845619,16.73784295142836,0.8746879680479281,-0.03541934299871541,0.022108244102239993,0,False,False,False,False
2021-08-01,Central India,Compute,921.05,1047.85,110.53,97.82,98.2,94.84,0,2021,8,3,30,1,0,840.96,871.84,854.46,825.45,877.9500000000002,858.2416666666668,40.39308232853737,34.91670283212149,0.8789903134990695,0.09523639649923887,0.07793226131123743,0,False,False,False,False
2021-08-15,Central India,Compute,887.17,947.67,106.46,99.65,98.07,95.37,0,2021,8,3,32,0,0,921.05,840.96,838.37,849.0,883.06,868.9749999999999,40.20287427535498,31.569806302858684,0.936159211539882,-0.03678410509744312,0.05820818970144437,0,False,False,False,False
2021-09-01,Central India,Compute,903.85,995.29,108.46,97.76,99.58,95.43,0,2021,9,3,35,1,0,887.17,921.05,871.84,852.5,904.0233333333332,877.2066666666666,16.940665079427614,33.41341566895974,0.908127279486381,0.01880135712433928,0.03671545237658291,0,False,False,False,False
2021-09-15,Central India,Compute,879.31,939.68,105.52,97.92,99.44,96.11,0,2021,9,3,37,0,0,903.85,887.17,840.96,822.77,890.11,884.0300000000001,12.531384600274873,27.564730363274354,0.9357547250127703,-0.027150522763732976,0.04560264459665131,0,False,False,False,False
2021-10-01,Central India,Compute,969.76,1050.89,116.37,97.65,99.25,95.22,0,2021,10,4,39,1,0,879.31,903.85,921.05,854.46,917.64,900.3499999999999,46.77524665889005,43.36370417757253,0.9227987705659012,0.10286474622146913,0.05288529395798269,0,False,False,False,False
2021-10-15,Central India,Compute,942.04,1032.73,113.04,99.29,99.19,95.52,0,2021,10,4,41,0,0,969.76,879.31,887.17,838.37,930.3699999999999,917.1966666666666,46.34050388159375,34.380451228375314,0.9121842107811334,-0.028584392014519122,0.06184834924535321,0,False,False,False,False
2021-11-01,Central India,Compute,989.88,1118.3,118.79,98.05,99.57,96.27,0,2021,11,4,44,1,0,942.04,969.76,903.85,871.84,967.2266666666666,928.6683333333332,24.020402439037753,45.58179698812562,0.8851649825628186,0.05078340622478872,0.09518172263096747,0,False,False,False,False
2021-11-15,Central India,Compute,975.49,1120.33,117.06,97.8,99.73,96.56,0,2021,11,4,46,0,0,989.88,942.04,879.31,840.96,969.1366666666667,943.3883333333333,24.54465386460626,43.72319174839254,0.8707166638401186,-0.01453711560997295,0.10938121936518419,0,False,False,False,False
2021-12-01,Central India,Compute,1002.38,1061.06,120.29,98.71,100.21,97.26,0,2021,12,4,48,1,0,975.49,989.88,969.76,921.05,989.25,959.81,13.456065546808166,44.40112070657723,0.944696812621341,0.02756563368153442,0.03363718858274223,0,False,False,False,False
2021-12-15,Central India,Compute,1022.19,1075.32,122.66,99.42,99.67,98.4,0,2021,12,4,50,0,0,1002.38,975.49,942.04,887.17,1000.02,983.6233333333333,23.439276865978613,27.805981131165186,0.9505914518468922,0.019762964145334072,0.08508131289541865,0,False,False,False,False
2022-01-01,Central India,Compute,612.75,1005.59,106.14,99.65,100.5,97.55,0,2022,1,1,52,1,0,1022.19,1002.38,989.88,903.85,879.1066666666667,924.1216666666668,230.88420135066264,154.90513889689618,0.6093437683350073,-0.40055175652276,-0.3809855740089708,0,False,False,False,False
2022-01-15,Central India,Compute,882.94,941.77,105.95,97.7,99.93,97.18,0,2022,1,1,2,0,0,612.75,1022.19,975.49,879.31,839.2933333333334,914.2716666666666,208.18033536655986,155.41604697284865,0.937532518555486,0.44094655242758063,-0.09487539595485339,0,False,False,False,False
2022-02-01,Central India,Compute,920.36,999.6,110.44,99.7,100.17,98.96,0,2022,2,1,5,1,0,882.94,612.75,1002.38,969.76,805.35,902.6850000000001,167.84258726556857,151.18576715418692,0.9207282913165266,0.04238113575101354,-0.08182525589097944,0,False,False,False,False
2022-02-15,Central India,Compute,899.23,951.11,107.91,98.32,100.56,97.07,0,2022,2,1,7,0,0,920.36,882.94,1022.19,942.04,900.8433333333334,889.975,18.762095654092644,146.98828888724444,0.9454532073051487,-0.022958407579642737,-0.12029074829532671,0,False,False,False,False
2022-03-01,Central India,Compute,966.51,1051.98,74.83,98.02,101.04,99.85,0,2022,3,1,9,1,0,899.23,920.36,612.75,989.88,928.6999999999999,883.9966666666668,34.40663162821937,142.1520768285384,0.918753208235898,0.07481956785249588,0.5773317013463892,0,False,False,False,False
2022-03-15,Central India,Compute,998.15,1057.19,119.78,98.14,101.08,99.39,0,2022,3,1,11,0,0,966.51,899.23,882.94,975.49,954.63,879.9899999999999,50.51873315909632,137.74856122660597,0.9441538417881364,0.03273634002752179,0.13048451763426727,0,False,False,False,False
2022-04-01,Central India,Compute,996.09,1115.37,119.53,98.98,101.38,101.04,0,2022,4,2,13,1,0,998.15,966.51,920.36,1002.38,986.9166666666666,943.88,17.702681529454875,49.88733386341703,0.8930579090346702,-0.0020638180634172665,0.08228301968794827,0,False,False,False,False
2022-04-15,Central India,Compute,1001.15,1057.95,120.14,97.75,101.5,99.64,0,2022,4,2,15,0,0,996.09,998.15,899.23,1022.19,998.4633333333335,963.5816666666666,2.5445104309669944,44.00219468011462,0.9463112623469918,0.005079862261442081,0.11334141432114131,0,False,False,False,False
2022-05-01,Central India,Compute,961.65,1104.36,115.4,99.65,101.52,101.7,0,2022,5,2,17,1,0,1001.15,996.09,966.51,612.75,986.2966666666666,970.4633333333333,21.494058093652377,38.81350417917338,0.8707758339671847,-0.039454627178744484,-0.005028401154669959,0,False,False,False,False
2022-05-15,Central India,Compute,983.24,1033.54,117.99,98.44,102.08,100.56,0,2022,5,2,19,0,0,961.65,1001.15,998.15,882.94,982.0133333333333,984.465,19.778549828875313,17.00127024666232,0.9513323141823249,0.022450995684500707,-0.014937634624054508,0,False,False,False,False
2022-06-01,Central India,Compute,1032.63,1087.52,123.92,97.62,102.2,99.87,1,2022,6,2,22,1,0,983.24,961.65,996.09,920.36,992.5066666666668,995.485,36.38603349271951,23.298320754939596,0.9495273650139768,0.05023188641633802,0.03668343221998027,0,False,False,False,False
2022-06-15,Central India,Compute,1005.4,1075.73,120.65,97.67,103.24,100.25,1,2022,6,2,24,0,0,1032.63,983.24,1001.15,899.23,1007.09,996.6933333333333,24.73833260347122,23.649538402825456,0.9346211409926283,-0.026369561217473914,0.004245118114168722,0,False,False,False,False
2022-07-01,Central India,Compute,1016.61,1092.57,121.99,98.57,102.71,102.24,1,2022,7,3,26,1,0,1005.4,1032.63,961.65,966.51,1018.2133333333335,1000.1133333333333,13.685621408372215,24.990536342117917,0.9304758505175871,0.011149791127909259,0.05715177039463426,0,False,False,False,False
2022-07-15,Central India,Compute,1037.73,1110.97,124.53,98.15,102.58,101.78,1,2022,7,3,28,0,0,1016.61,1005.4,983.24,998.15,1019.9133333333334,1006.21,16.416188148693188,29.371950565123335,0.9340756276047057,0.020774928438634266,0.055418819413368015,0,False,False,False,False
2022-08-01,Central India,Compute,1047.0,1198.25,125.64,98.69,103.46,102.28,0,2022,8,3,31,1,0,1037.73,1016.61,1032.63,996.09,1033.78,1020.435,15.575297749961615,23.569828807185825,0.8737742541205925,0.008932959440316912,0.013915923418843068,0,False,False,False,False
2022-08-15,Central India,Compute,1007.67,1097.98,120.92,98.43,102.97,102.26,0,2022,8,3,33,0,0,1047.0,1037.73,1005.4,1001.15,1030.8000000000002,1024.5066666666667,20.560420715538882,17.074487010353,0.9177489571759048,-0.037564469914040166,0.0022578078376764843,0,False,False,False,False
2022-09-01,Central India,Compute,1008.22,1087.35,120.99,97.74,102.71,101.28,0,2022,9,3,35,1,0,1007.67,1047.0,1016.61,961.65,1020.9633333333333,1020.4383333333334,22.55009164800209,17.650209536056856,0.9272267439187015,0.0005458136096143651,-0.008252919015158233,0,False,False,False,False
2022-09-15,Central India,Compute,1017.2,1147.46,122.06,99.47,103.1,102.86,0,2022,9,3,37,0,0,1008.22,1007.67,1037.73,983.24,1011.0300000000001,1022.4050000000001,5.350448579321305,16.24055510135186,0.8864797029961828,0.008906786217293794,-0.01978356605282683,0,False,False,False,False
2022-10-01,Central India,Compute,1143.94,1232.5,137.27,97.71,103.82,103.08,0,2022,10,4,39,1,0,1017.2,1008.22,1047.0,1032.63,1056.4533333333334,1043.6266666666668,75.89860165598107,51.67939150828615,0.9281460446247465,0.12459693275658679,0.09258834765998092,0,False,False,False,False
2022-10-15,Central India,Compute,1130.34,1272.32,135.64,99.1,103.97,103.87,0,2022,10,4,41,0,0,1143.94,1017.2,1007.67,1005.4,1097.16,1059.0616666666667,69.58046564949063,62.303761817940995,0.8884085764587525,-0.011888735423186692,0.12173628271160197,0,False,False,False,False
2022-11-01,Central India,Compute,1146.68,1247.66,74.83,99.58,104.3,103.55,0,2022,11,4,44,1,0,1130.34,1143.94,1008.22,1016.61,1140.32,1075.675,8.750839959680498,71.11155342136794,0.9190644887228893,0.01445582745014784,0.13733113804526798,0,False,False,False,False
2022-11-15,Central India,Compute,1120.85,1246.33,134.5,97.86,104.19,104.45,0,2022,11,4,46,0,0,1146.68,1130.34,1017.2,1037.73,1132.6233333333332,1094.5383333333332,13.065505475613202,64.13332001905675,0.8993204047082233,-0.022525900861617987,0.10189736531655513,0,False,False,False,False
2022-12-01,Central India,Compute,1145.99,1205.49,137.52,99.32,104.41,104.54,0,2022,12,4,48,1,0,1120.85,1146.68,1143.94,1047.0,1137.84,1117.5,14.717815734678236,50.19642258169504,0.9506424773328688,0.022429406254182105,0.0017920520307008747,0,False,False,False,False
2022-12-15,Central India,Compute,1200.67,1339.87,144.08,99.03,104.38,103.69,0,2022,12,4,50,0,0,1145.99,1120.85,1130.34,1007.67,1155.8366666666668,1148.0783333333334,40.810853131652046,27.732134008525303,0.8961093240388994,0.04771420343982058,0.062220216925880756,0,False,False,False,False
2021-05-01,Central India,Storage,665.32,715.23,53.23,99.22,97.03,92.14,0,2021,5,2,17,1,0,651.43,652.68,617.47,579.88,656.4766666666666,629.3666666666667,7.684011539122711,33.65652428083864,0.9302182514715547,0.02132232166157544,0.07749364341587439,0,False,False,False,True
2021-05-15,Central India,Storage,657.24,728.6,52.58,98.88,97.63,92.43,0,2021,5,2,19,0,0,665.32,651.43,614.51,577.03,657.9966666666667,643.1083333333332,6.975846424153244,21.582946431539014,0.9020587427944002,-0.012144531954548232,0.06953507672779935,0,False,False,False,True
2021-06-15,Central India,Storage,651.17,690.32,52.09,99.18,97.56,93.5,1,2021,6,2,24,0,0,657.24,665.32,652.68,570.3,657.91,648.725,7.098753411694056,17.592626580474494,0.9432871711669949,-0.009235591260422393,-0.002313538027823747,0,False,False,False,True
2021-07-01,Central India,Storage,667.45,735.74,53.4,99.17,97.44,94.03,1,2021,7,3,26,1,0,651.17,657.24,651.43,574.79,658.62,657.5483333333333,8.227265645403637,7.2160194474992,0.9071818849049936,0.025001151772962693,0.024592051333220954,0,False,False,False,True
2021-07-15,Central India,Storage,703.83,740.88,56.31,99.51,98.89,93.55,1,2021,7,3,28,0,0,667.45,651.17,665.32,617.47,674.15,666.0733333333334,26.961758102913986,19.71087483260676,0.9499919015225138,0.054505955502284875,0.05788192148139237,0,False,False,False,True
2021-08-01,Central India,Storage,711.91,749.55,56.95,98.99,98.2,94.84,0,2021,8,3,30,1,0,703.83,667.45,657.24,614.51,694.3966666666666,676.1533333333333,23.68361740388039,25.375292444949146,0.9497832032552865,0.011480044897205222,0.083181181912239,0,False,False,False,True
2021-08-15,Central India,Storage,658.0,722.09,52.64,97.91,98.07,95.37,0,2021,8,3,32,0,0,711.91,703.83,651.17,652.68,691.2466666666666,674.9333333333333,29.07451174711945,26.16401854965504,0.9112437507789888,-0.0757258642244103,0.010488812445290874,0,False,False,False,True
2021-09-01,Central India,Storage,692.63,758.25,55.41,98.08,99.58,95.43,0,2021,9,3,35,1,0,658.0,711.91,667.45,651.43,687.5133333333333,680.8316666666666,27.31679397977341,25.35411321002365,0.9134586218265743,0.05262917933130695,0.037725672335006344,0,False,False,False,True
2021-10-01,Central India,Storage,756.95,869.73,60.56,97.65,99.25,95.22,0,2021,10,4,39,1,0,692.63,658.0,703.83,665.32,702.5266666666666,698.4616666666667,50.21188737075509,35.39333294091847,0.8703275729249308,0.09286343357925597,0.07547277041331002,0,False,False,False,True
2021-10-15,Central India,Storage,735.84,809.62,58.87,99.66,99.19,95.52,0,2021,10,4,41,0,0,756.95,692.63,711.91,657.24,728.4733333333334,709.86,32.78668073064744,34.407337589532325,0.908870828289815,-0.027888235682673956,0.033613799497127506,0,False,False,False,True
2021-11-01,Central India,Storage,746.02,837.21,59.68,99.04,99.57,96.27,0,2021,11,4,44,1,0,735.84,756.95,658.0,651.17,746.27,716.8916666666668,10.557220278088563,37.13177368059213,0.8910787018788595,0.013834529245488003,0.13376899696048627,0,False,False,False,True
2021-11-15,Central India,Storage,763.08,871.51,61.05,98.75,99.73,96.56,0,2021,11,4,46,0,0,746.02,735.84,692.63,667.45,748.3133333333334,725.4200000000001,13.764044948103656,41.39080429274181,0.8755837569276315,0.02286801962413887,0.10171375770613467,0,False,False,False,True
2021-12-01,Central India,Storage,753.07,835.56,60.25,99.3,100.21,97.26,0,2021,12,4,48,1,0,763.08,746.02,756.95,703.83,754.0566666666667,741.265,8.572691137176175,25.6073245381095,0.9012757910862177,-0.013117890653666753,-0.0051258339388334795,0,False,False,False,True
2021-12-15,Central India,Storage,752.62,803.69,60.21,98.07,99.67,98.4,0,2021,12,4,50,0,0,753.07,763.08,735.84,711.91,756.2566666666667,751.2633333333333,5.913462042950745,9.406892508514009,0.9364555985516804,-0.0005975540122432621,0.022803870406610027,0,False,False,False,True
2022-01-01,Central India,Storage,696.78,787.35,55.74,97.55,100.5,97.55,0,2022,1,1,52,1,0,752.62,753.07,746.02,658.0,734.1566666666668,741.235,32.36992482742924,23.559026932368525,0.8849685654410363,-0.07419414844144456,-0.06600359239698672,0,False,False,False,True
2022-01-15,Central India,Storage,689.32,765.36,55.15,98.43,99.93,97.18,0,2022,1,1,2,0,0,696.78,752.62,763.08,692.63,712.9066666666666,733.4816666666667,34.59442922398655,31.87637019277332,0.9006480610431693,-0.010706392261545905,-0.09666090056088483,0,False,False,False,True
2022-02-01,Central India,Storage,667.0,709.47,53.36,98.57,100.17,98.96,0,2022,2,1,5,1,0,689.32,696.78,753.07,756.95,684.3666666666667,720.3116666666666,15.49560367760522,40.74904583750053,0.9401384131816708,-0.032379736551964355,-0.11429216407505283,0,False,False,False,True
2022-02-15,Central India,Storage,692.22,777.0,55.38,98.26,100.56,97.07,0,2022,2,1,7,0,0,667.0,689.32,752.62,735.84,682.8466666666667,708.5016666666667,13.800004830919923,35.84851038281383,0.8908880308880309,0.03781109445277364,-0.08025298291302385,0,False,False,False,True
2022-03-01,Central India,Storage,748.68,857.24,59.89,97.71,101.04,99.85,0,2022,3,1,9,1,0,692.22,667.0,696.78,746.02,702.6333333333332,707.77,41.82384168549573,34.785998907607095,0.8733610190845037,0.08156366473086574,0.07448549039869112,0,False,False,False,True
2022-03-15,Central India,Storage,779.92,829.01,62.39,99.79,101.08,99.39,0,2022,3,1,11,0,0,748.68,692.22,689.32,763.08,740.2733333333332,712.32,44.45027034038609,42.70881314202075,0.9407847914982931,0.04172677245285028,0.13143387686415586,0,False,False,False,True
2022-04-01,Central India,Storage,763.75,859.42,61.1,99.61,101.38,101.04,0,2022,4,2,13,1,0,779.92,748.68,667.0,753.07,764.1166666666667,723.4816666666667,15.623227366117753,46.42471342578992,0.8886807381722558,-0.0207328956816083,0.14505247376311847,0,False,False,False,True
2022-04-15,Central India,Storage,733.07,815.24,58.65,99.59,101.5,99.64,0,2022,4,2,15,0,0,763.75,779.92,692.22,752.62,758.9133333333333,730.7733333333332,23.796546668233393,43.31784005080037,0.8992075953093568,-0.040170212765957336,0.05901303053942386,0,False,False,False,True
2022-05-01,Central India,Storage,749.36,804.06,59.95,97.57,101.52,101.7,0,2022,5,2,17,1,0,733.07,763.75,748.68,696.78,748.7266666666666,744.5,15.34980238743851,30.100080398564828,0.9319702509762954,0.022221615943907036,0.0009082652134424496,0,False,False,False,True
2022-05-15,Central India,Storage,725.41,796.49,58.03,98.2,102.08,100.56,0,2022,5,2,19,0,0,749.36,733.07,779.92,689.32,735.9466666666667,750.0316666666668,12.231395396005086,19.88822708706679,0.9107584527112706,-0.031960606384114465,-0.06989178377269467,0,False,False,False,True
2022-06-01,Central India,Storage,791.29,873.69,63.3,99.59,102.2,99.87,1,2022,6,2,22,1,0,725.41,749.36,763.75,667.0,755.3533333333334,757.1333333333332,33.34641859830546,25.982797899124353,0.9056873719511497,0.09081760659489113,0.03605891980360054,0,False,False,False,True
2022-06-15,Central India,Storage,775.2,816.34,62.02,98.61,103.24,100.25,1,2022,6,2,24,0,0,791.29,725.41,733.07,692.22,763.9666666666666,756.3466666666667,34.346534517086475,25.215027794288503,0.9496043315285297,-0.020333885174841027,0.05747063718335221,0,False,False,False,True
2022-07-01,Central India,Storage,805.85,887.63,64.47,98.92,102.71,102.24,1,2022,7,3,26,1,0,775.2,791.29,749.36,748.68,790.7800000000001,763.3633333333333,15.331363279241451,32.49417527291234,0.907867016662348,0.03953818369453033,0.07538432795985917,0,False,False,False,True
2022-07-15,Central India,Storage,787.18,831.03,62.97,99.75,102.58,101.78,1,2022,7,3,28,0,0,805.85,775.2,725.41,779.92,789.41,772.3816666666667,15.446206654064733,29.80242501318903,0.9472341552049865,-0.02316808339020915,0.08515184516342478,0,False,False,False,True
2022-08-01,Central India,Storage,801.91,891.56,64.15,98.87,103.46,102.28,0,2022,8,3,31,1,0,787.18,805.85,791.29,763.75,798.3133333333334,781.14,9.840946770174387,29.402712800013816,0.8994459150253489,0.018712365659696584,0.013421122470901992,0,False,False,False,True
2022-08-15,Central India,Storage,763.2,835.6,61.06,98.4,102.97,102.26,0,2022,8,3,33,0,0,801.91,787.18,775.2,733.07,784.0966666666667,787.4383333333334,19.53832729108114,16.128200664264046,0.913355672570608,-0.04827225000311741,-0.015479876160990669,0,False,False,False,True
2022-09-01,Central India,Storage,799.63,882.73,63.97,98.96,102.71,101.28,0,2022,9,3,35,1,0,763.2,801.91,805.85,749.36,788.2466666666666,788.8283333333334,21.720986011997844,16.86892458536608,0.905860229062114,0.04773322851153039,-0.007718558044301105,0,False,False,False,True
2022-09-15,Central India,Storage,787.74,860.51,63.02,97.73,103.1,102.86,0,2022,9,3,37,0,0,799.63,763.2,787.18,725.41,783.5233333333334,790.9183333333334,18.577444208862705,15.569505344318747,0.9154338706116141,-0.014869377086902724,0.0007114001880130782,0,False,False,False,True
2022-10-01,Central India,Storage,903.77,1029.77,72.3,98.28,103.82,103.08,0,2022,10,4,39,1,0,787.74,799.63,801.91,791.29,830.38,807.2383333333333,63.83503818437078,49.24741025340095,0.877642580382027,0.1472947926980983,0.1270217356062402,0,False,False,False,True
2022-10-15,Central India,Storage,853.12,963.64,68.25,98.06,103.97,103.87,0,2022,10,4,41,0,0,903.77,787.74,763.2,775.2,848.21,818.2283333333334,58.17062231057938,51.19501359182151,0.8853098667552198,-0.05604301979485926,0.11781970649895168,0,False,False,False,True
2022-11-01,Central India,Storage,878.82,993.59,70.31,98.23,104.3,103.55,0,2022,11,4,44,1,0,853.12,903.77,799.63,805.85,878.57,831.0466666666667,25.325925451996287,55.720465061472694,0.8844895781962379,0.030124718679670037,0.09903330290259249,0,False,False,False,True
2022-11-15,Central India,Storage,892.8,942.92,71.42,98.6,104.19,104.45,0,2022,11,4,46,0,0,878.82,853.12,787.74,787.18,874.9133333333333,852.6466666666666,20.126403884782988,48.8565146798952,0.946845967844568,0.01590769440841111,0.13336887805621145,0,False,False,False,True
2022-12-01,Central India,Storage,838.58,892.01,67.09,98.02,104.41,104.54,0,2022,12,4,48,1,0,892.8,878.82,903.77,801.91,870.0666666666667,859.1383333333333,28.14991533439142,42.58884568366253,0.9401015683680677,-0.060730286738351125,-0.07213118381889194,0,False,False,False,True
2021-04-01,East Us,Compute,743.82,844.32,89.26,97.91,96.48,91.8,0,2021,4,2,13,1,0,673.81,685.75,650.11,634.35,701.1266666666667,688.495,37.452388886870246,31.676591830561748,0.8809693007390563,0.10390169335569399,0.14414483702757996,0,True,False,False,False
2021-04-15,East Us,Compute,692.76,788.18,83.13,99.17,96.16,92.52,0,2021,4,2,15,0,0,743.82,673.81,677.35,477.225,703.4633333333333,687.2666666666668,36.211476541745206,31.27553847125062,0.8789362835900429,-0.06864564007421159,0.022750424448217288,0,True,False,False,False
2021-05-01,East Us,Compute,572.4449999999999,764.91,82.52,97.62,97.03,92.14,0,2021,5,2,17,1,0,692.76,743.82,685.75,652.42,669.6750000000001,674.3225,87.98883778639215,56.015863980661855,0.7483821626073656,-0.17367486575437385,-0.1652278527160045,0,True,False,False,False
2021-05-15,East Us,Compute,710.88,780.13,85.3,98.68,97.63,92.43,0,2021,5,2,19,0,0,572.4449999999999,692.76,673.81,700.13,658.6949999999999,679.9108333333334,75.24214560337862,58.01515891701649,0.9112327432607386,0.24183109294342708,0.05501550882296202,0,True,False,False,False
2021-06-01,East Us,Compute,708.24,803.49,84.99,99.45,97.54,93.1,1,2021,6,2,22,1,0,710.88,572.4449999999999,743.82,650.11,663.8549999999999,683.6591666666667,79.17438648325626,59.182664895784136,0.8814546540716126,-0.003713706954760254,-0.0478341534242156,0,True,False,False,False
2021-06-15,East Us,Compute,714.34,795.19,85.72,98.2,97.56,93.5,1,2021,6,2,24,0,0,708.24,710.88,692.76,677.35,711.1533333333333,690.4141666666666,3.0591720012718358,60.138949809309786,0.8983261861944943,0.008612899582062683,0.031150759281713736,0,True,False,False,False
2021-07-01,East Us,Compute,729.02,796.4,87.48,97.77,97.44,94.03,1,2021,7,3,26,1,0,714.34,708.24,572.4449999999999,685.75,717.1999999999999,687.9474999999999,10.681142261014632,57.76709632221454,0.9153942742340533,0.020550438166699214,0.27351972678597947,0,True,False,False,False
2021-07-01,East Us,Compute,656.97,738.84,78.84,99.81,97.44,94.03,1,2021,7,3,26,1,0,729.02,714.34,710.88,673.81,700.11,681.9825,38.07453611010941,59.00533041598879,0.8891911645281793,-0.09883130778305116,-0.07583558406482105,0,True,False,False,False
2021-07-15,East Us,Compute,706.01,774.04,84.72,98.9,98.89,93.55,1,2021,7,3,28,0,0,656.97,729.02,708.24,743.82,697.3333333333334,704.2433333333333,36.80032653840666,24.550901137568783,0.9121104852462405,0.07464572202688102,-0.003148650175081924,0,True,False,False,False
2021-08-01,East Us,Compute,724.2,793.04,86.9,99.79,98.2,94.84,0,2021,8,3,30,1,0,706.01,656.97,714.34,692.76,695.7266666666666,706.4633333333333,34.77468092353055,25.8394525225802,0.913194794714012,0.02576450758487847,0.013802950975725814,0,True,False,False,False
2021-08-15,East Us,Compute,763.25,831.68,91.59,99.57,98.07,95.37,0,2021,8,3,32,0,0,724.2,706.01,729.02,572.4449999999999,731.1533333333333,715.6316666666667,29.24664140261877,34.80116516248667,0.91772075798384,0.05392156862745101,0.0469534443499493,0,True,False,False,False
2021-09-01,East Us,Compute,729.61,829.82,87.55,97.65,99.58,95.43,0,2021,9,3,35,1,0,763.25,724.2,656.97,710.88,739.02,718.1766666666666,21.157426592098673,35.24335038935254,0.8792388710804753,-0.04407468064199149,0.11056821468255773,0,True,False,False,False
2021-09-15,East Us,Compute,743.44,787.07,89.21,98.91,99.44,96.11,0,2021,9,3,37,0,0,729.61,763.25,706.01,708.24,745.4333333333334,720.5799999999999,16.90835395103203,36.596368125812845,0.9445665569771431,0.01895533230081825,0.053016246228807073,0,True,False,False,False
2021-10-01,East Us,Compute,820.99,908.96,98.52,99.35,99.25,95.22,0,2021,10,4,39,1,0,743.44,729.61,724.2,714.34,764.68,747.9166666666666,49.25372371709627,40.61686037431601,0.9032190635451505,0.10431238566663081,0.13365092515879584,0,True,False,False,False
2021-10-15,East Us,Compute,820.73,908.92,98.49,97.84,99.19,95.52,0,2021,10,4,41,0,0,820.99,743.44,763.25,729.02,795.0533333333333,767.0366666666667,44.698646884815105,43.819660275573604,0.9029727588786692,-0.0003166908244923716,0.07530953160825415,0,True,False,False,False
2021-11-01,East Us,Compute,842.06,959.43,101.05,97.86,99.57,96.27,0,2021,11,4,44,1,0,820.73,820.99,729.61,656.97,827.9266666666666,786.68,12.240516056661956,47.07264683444111,0.877666948083758,0.025989058521072694,0.15412343580817134,0,True,False,False,False
2021-11-15,East Us,Compute,835.0,918.99,100.2,97.54,99.73,96.56,0,2021,11,4,46,0,0,842.06,820.73,743.44,706.01,832.5966666666667,798.6383333333333,10.86619682011142,49.0041171399576,0.9086061872272821,-0.008384200650784934,0.12315721510814592,0,True,False,False,False
2021-12-01,East Us,Compute,814.0,914.73,97.68,98.04,100.21,97.26,0,2021,12,4,48,1,0,835.0,842.06,820.99,724.2,830.3533333333334,812.7033333333334,14.59570256388502,35.47151570861735,0.8898800739015884,-0.025149700598802394,-0.008514111012314363,0,True,False,False,False
2021-12-15,East Us,Compute,646.755,857.65,94.41,97.87,99.67,98.4,0,2021,12,4,50,0,0,814.0,835.0,820.73,763.25,765.2516666666667,796.5891666666668,103.15689510805083,74.1277059146355,0.7541013233836646,-0.20546068796068795,-0.21197592387264996,0,True,False,False,False
2022-01-01,East Us,Compute,752.72,822.08,90.33,99.46,100.5,97.55,0,2022,1,1,52,1,0,646.755,814.0,842.06,729.61,737.8249999999999,785.2108333333332,84.6115729377493,74.86907001002942,0.9156286492798754,0.16384102171610593,-0.10609695271120811,0,True,False,False,False
2022-01-15,East Us,Compute,640.5350000000001,808.18,90.01,99.06,99.93,97.18,0,2022,1,1,2,0,0,752.72,646.755,835.0,743.44,680.0033333333334,755.1783333333334,63.051227651278985,91.96158701689896,0.7925647751738476,-0.14903948347327023,-0.2328922155688622,0,True,False,False,False
2022-02-01,East Us,Compute,745.09,819.33,89.41,98.3,100.17,98.96,0,2022,2,1,5,1,0,640.5350000000001,752.72,814.0,820.99,712.7816666666668,739.0166666666668,62.68364905087609,81.5730606062239,0.9093893791268476,0.16323073680595113,-0.08465601965601965,0,True,False,False,False
2022-02-15,East Us,Compute,765.19,817.27,91.82,99.7,100.56,97.07,0,2022,2,1,7,0,0,745.09,640.5350000000001,646.755,820.73,716.9383333333335,727.3816666666667,66.92611230553737,69.18211449982343,0.936275649418185,0.026976606852863405,0.1831218931434624,0,True,False,False,False
2022-03-01,East Us,Compute,795.65,873.62,95.48,99.6,101.04,99.85,0,2022,3,1,9,1,0,765.19,745.09,752.72,842.06,768.6433333333333,724.3233333333333,25.456286715336116,64.85758873614311,0.9107506696275268,0.03980710673166121,0.05703315974067369,0,True,False,False,False
2022-03-15,East Us,Compute,811.78,871.1,97.41,98.03,101.08,99.39,0,2022,3,1,11,0,0,795.65,765.19,640.5350000000001,835.0,790.8733333333333,751.8275,23.659447020870854,60.20877209759403,0.931902192630008,0.020272732985609165,0.26734682726158576,0,True,False,False,False
2022-04-01,East Us,Compute,806.05,914.96,96.73,98.65,101.38,101.04,0,2022,4,2,13,1,0,811.78,795.65,745.09,814.0,804.4933333333333,760.7158333333333,8.176896314213458,64.17281250005088,0.8809674739879338,-0.0070585626647614585,0.08181561958957961,0,True,False,False,False
2022-04-15,East Us,Compute,789.2,878.7,94.7,99.37,101.5,99.64,0,2022,4,2,15,0,0,806.05,811.78,765.19,646.755,802.3433333333332,785.4933333333333,11.737488374153825,25.593426239304083,0.8981449869124843,-0.02090441039637725,0.031377827729060837,0,True,False,False,False
2022-05-01,East Us,Compute,797.84,850.79,95.74,99.16,101.52,101.7,0,2022,5,2,17,1,0,789.2,806.05,795.65,752.72,797.6966666666667,794.285,8.425914391530181,16.31789048866413,0.9377637254786728,0.01094779523568179,0.0027524665367939516,0,True,False,False,False
2022-05-15,East Us,Compute,839.65,892.66,100.76,98.66,102.08,100.56,0,2022,5,2,19,0,0,797.84,789.2,811.78,640.5350000000001,808.8966666666666,806.695,26.981253368466692,17.99323956379285,0.940615687943898,0.05240399077509261,0.034331961861588045,0,True,False,False,False
2022-06-01,East Us,Compute,867.27,959.17,104.07,98.28,102.2,99.87,1,2022,6,2,22,1,0,839.65,797.84,806.05,745.09,834.9200000000001,818.6316666666667,34.95584214405464,29.3639843459077,0.9041879958714305,0.032894658488656026,0.07595062341045855,0,True,False,False,False
2022-06-15,East Us,Compute,871.92,922.63,104.63,98.09,103.24,100.25,1,2022,6,2,24,0,0,867.27,839.65,789.2,765.19,859.6133333333333,828.6550000000001,17.444386871810792,36.05860715557453,0.9450375556832099,0.005361652080666968,0.10481500253421183,0,True,False,False,False
2022-07-01,East Us,Compute,881.28,968.23,105.75,99.66,102.71,102.24,1,2022,7,3,26,1,0,871.92,867.27,797.84,795.65,873.4899999999999,841.1933333333333,7.13573401971202,39.537985617210246,0.9101969573345176,0.01073492981007429,0.10458237240549484,0,True,False,False,False
2022-07-15,East Us,Compute,849.14,920.21,101.9,98.53,102.58,101.78,1,2022,7,3,28,0,0,881.28,871.92,839.65,811.78,867.4466666666666,851.1833333333334,16.53036398066927,30.25658187348221,0.9227676291281337,-0.0364696804647785,0.011302328351098678,0,True,False,False,False
2022-08-01,East Us,Compute,877.96,964.78,105.36,97.84,103.46,102.28,0,2022,8,3,31,1,0,849.14,881.28,867.27,806.05,869.46,864.5366666666667,17.67575740951645,16.60670547299321,0.9100105723584652,0.03394022187154078,0.012326034568242994,0,True,False,False,False
2022-08-15,East Us,Compute,864.43,956.66,103.73,99.61,102.97,102.26,0,2022,8,3,33,0,0,877.96,849.14,871.92,789.2,863.8433333333332,868.6666666666666,14.418953961137698,11.465052405756596,0.9035916626596701,-0.015410724862180647,-0.008590237636480369,0,True,False,False,False
2022-09-01,East Us,Compute,888.85,987.33,106.66,99.45,102.71,101.28,0,2022,9,3,35,1,0,864.43,877.96,881.28,797.84,877.08,872.2633333333333,12.233760664655724,14.035934834087378,0.900256246644992,0.028249829367328783,0.008589778503994339,0,True,False,False,False
2022-09-15,East Us,Compute,836.54,958.92,100.38,99.43,103.1,102.86,0,2022,9,3,37,0,0,888.85,864.43,849.14,839.65,863.2733333333334,866.3666666666667,26.174174931283083,20.260562348235673,0.8723772577483002,-0.058851324745457734,-0.01483854252537864,0,True,False,False,False
2022-10-01,East Us,Compute,963.08,1033.57,115.57,98.93,103.82,103.08,0,2022,10,4,39,1,0,836.54,888.85,877.96,867.27,896.1566666666668,880.0,63.58563857769633,44.873837812249654,0.9317994910843002,0.15126592870633804,0.09695202514920953,0,True,False,False,False
2022-10-15,East Us,Compute,903.93,979.22,108.47,99.89,103.97,103.87,0,2022,10,4,41,0,0,963.08,836.54,864.43,871.92,901.1833333333334,889.1316666666667,63.314698398819104,42.86790847086849,0.923112273033639,-0.06141753540723516,0.04569485094223946,0,True,False,False,False
2022-11-01,East Us,Compute,956.87,1079.54,114.82,97.59,104.3,103.55,0,2022,11,4,44,1,0,903.93,963.08,888.85,881.28,941.2933333333334,902.2833333333333,32.506230684800144,50.22781208321507,0.8863682679659856,0.058566481917847746,0.07652584800585016,0,True,False,False,False
2022-11-15,East Us,Compute,982.0,1048.27,117.84,98.46,104.19,104.45,0,2022,11,4,46,0,0,956.87,903.93,836.54,849.14,947.6,921.8783333333334,39.85198740339197,55.19466184937432,0.9367815543705343,0.02626271071305397,0.17388289860616357,0,True,False,False,False
2022-12-01,East Us,Compute,967.81,1094.98,116.14,98.24,104.41,104.54,0,2022,12,4,48,1,0,982.0,956.87,963.08,877.96,968.8933333333334,935.0383333333333,12.599977513212297,55.157931584376726,0.8838608924363914,-0.014450101832994,0.004911326161897156,0,True,False,False,False
2022-12-15,East Us,Compute,923.245,1045.33,115.34,98.6,104.38,103.69,0,2022,12,4,50,0,0,967.81,982.0,903.93,864.43,957.685,949.4891666666666,30.658183654615172,29.651943008288534,0.8832091301311549,-0.04604726134261883,0.02136780502915059,0,True,False,False,False
2021-05-01,East Us,Storage,553.59,610.69,44.29,99.03,97.03,92.14,0,2021,5,2,17,1,0,509.14,515.68,530.03,508.46,526.1366666666668,525.1933333333333,23.999104844417268,23.933001204752205,0.9064992058163717,0.08730408139215151,0.04445031413316247,0,True,False,False,True
2021-05-15,East Us,Storage,555.49,609.57,44.44,98.54,97.63,92.43,0,2021,5,2,19,0,0,553.59,509.14,550.14,515.05,539.4066666666668,535.6783333333334,26.22891216450514,20.290834794721356,0.911281723181915,0.0034321429216568333,0.009724797324317525,0,True,False,False,True
2021-06-01,East Us,Storage,538.14,580.21,43.05,99.17,97.54,93.1,1,2021,6,2,22,1,0,555.49,553.59,515.68,504.63,549.0733333333334,537.03,9.516082877598285,20.1086250151523,0.9274917702211267,-0.031233685574897918,0.04355414210363029,0,True,False,False,True
2021-06-01,East Us,Storage,659.95,754.37,52.8,98.53,97.54,93.1,1,2021,6,2,22,1,0,538.14,555.49,509.14,492.58,584.5266666666668,555.3316666666667,65.89207109609852,54.6800370945987,0.8748359558306932,0.2263537369457762,0.2962053659111443,0,True,False,False,True
2021-06-15,East Us,Storage,559.9,606.3,44.79,99.31,97.56,93.5,1,2021,6,2,24,0,0,659.95,538.14,553.59,530.03,585.9966666666668,562.7016666666667,64.96303589991237,51.13168466486015,0.9234702292594426,-0.15160239412076681,0.01139832728192336,0,True,False,False,True
2021-07-01,East Us,Storage,585.51,643.63,46.84,98.62,97.44,94.03,1,2021,7,3,26,1,0,559.9,659.95,555.49,550.14,601.7866666666667,575.43,51.973051029675865,44.16231651532828,0.9096996721719,0.045740310769780246,0.054042377000486086,0,True,False,False,True
2021-07-15,East Us,Storage,544.01,575.44,74.83,99.87,98.89,93.55,1,2021,7,3,28,0,0,585.51,559.9,538.14,515.68,563.14,573.8333333333334,20.938856224731715,45.269163308666336,0.9453809259001806,-0.07087837953237353,0.010907942171182183,0,True,False,False,True
2021-08-01,East Us,Storage,576.46,640.22,46.12,99.11,98.2,94.84,0,2021,8,3,30,1,0,544.01,585.51,659.95,509.14,568.66,577.3283333333334,21.821835394851252,44.37029881200605,0.9004092343257005,0.05964963879340468,-0.1265095840593985,0,True,False,False,True
2021-08-15,East Us,Storage,565.48,647.45,45.24,99.72,98.07,95.37,0,2021,8,3,32,0,0,576.46,544.01,559.9,553.59,561.9833333333335,581.8850000000001,16.505169897135886,40.801214075074306,0.8733956290061008,-0.019047288623668668,0.009966065368815835,0,True,False,False,True
2021-09-01,East Us,Storage,576.28,621.05,46.1,99.3,99.58,95.43,0,2021,9,3,35,1,0,565.48,576.46,585.51,555.49,572.7400000000001,567.9399999999999,6.287988549606237,14.793167341716535,0.9279124064085017,0.01909881870269503,-0.01576403477310384,0,True,False,False,True
2021-09-15,East Us,Storage,676.66,771.17,54.13,98.76,99.44,96.11,0,2021,9,3,37,0,0,576.28,565.48,544.01,538.14,606.14,587.4,61.310380850227595,45.99442618405022,0.8774459587380214,0.17418615950579586,0.24383742945901732,0,True,False,False,True
2021-09-15,East Us,Storage,601.6,676.52,48.13,97.81,99.44,96.11,0,2021,9,3,37,0,0,676.66,576.28,576.46,659.95,618.18,590.0816666666666,52.203528616367954,46.33002500179245,0.8892567847218117,-0.1109272012532142,0.04361100510009375,0,True,False,False,True
2021-10-01,East Us,Storage,645.03,689.34,74.83,98.52,99.25,95.22,0,2021,10,4,39,1,0,601.6,676.66,565.48,559.9,641.0966666666667,606.9183333333333,37.68427037018583,44.560603414526724,0.9357211245539211,0.07219082446808511,0.14067694701846212,0,True,False,False,True
2021-10-15,East Us,Storage,626.89,708.09,50.15,97.89,99.19,95.52,0,2021,10,4,41,0,0,645.03,601.6,576.28,585.51,624.5066666666668,615.3233333333334,21.81287311046575,42.36869158549437,0.8853253117541555,-0.028122722974125214,0.08782189213576741,0,True,False,False,True
2021-11-01,East Us,Storage,683.41,738.89,54.67,99.29,99.57,96.27,0,2021,11,4,44,1,0,626.89,645.03,676.66,544.01,651.7766666666666,634.9783333333334,28.85768066448278,41.97392591439079,0.9249143986249645,0.0901593581011022,0.009975467738598365,0,True,False,False,True
2021-11-15,East Us,Storage,615.49,699.94,49.24,98.86,99.73,96.56,0,2021,11,4,46,0,0,683.41,626.89,601.6,576.46,641.93,641.5133333333333,36.372143186784236,33.12737760020818,0.8793468011543846,-0.09938397155441092,0.023088430851063713,0,True,False,False,True
2021-12-01,East Us,Storage,620.1,679.16,49.61,97.92,100.21,97.26,0,2021,12,4,48,1,0,615.49,683.41,645.03,565.48,639.6666666666667,632.0866666666667,37.95289756175764,28.903930989863035,0.9130396371988928,0.007489967343092596,-0.03864936514580708,0,True,False,False,True
2021-12-01,East Us,Storage,580.31,646.02,46.42,98.89,100.21,97.26,0,2021,12,4,48,1,0,620.1,615.49,626.89,576.28,605.3000000000001,628.5383333333333,21.76437685760745,34.21411545936506,0.8982848828209652,-0.06416706982744735,-0.07430330680023611,0,True,False,False,True
2021-12-15,East Us,Storage,667.83,713.37,53.43,99.77,99.67,98.4,0,2021,12,4,50,0,0,580.31,620.1,683.41,676.66,622.7466666666668,632.3383333333333,43.81998668796333,37.51865798062036,0.9361621598889778,0.15081594320277114,-0.022797442238187804,0,True,False,False,True
2022-01-01,East Us,Storage,548.98,595.19,43.92,98.41,100.5,97.55,0,2022,1,1,52,1,0,667.83,580.31,615.49,601.6,599.0400000000001,619.3533333333334,61.59902840142829,50.8832281470698,0.9223609267628824,-0.1779644520312056,-0.10806024468309805,0,True,False,False,True
2022-01-15,East Us,Storage,554.43,628.16,44.35,97.53,99.93,97.18,0,2022,1,1,2,0,0,548.98,667.83,620.1,645.03,590.4133333333334,597.8566666666667,67.10015524075418,45.353405899300895,0.8826254457463066,0.009927501912637915,-0.10590227382680228,0,True,False,False,True
2022-02-01,East Us,Storage,584.44,658.72,46.76,97.68,100.17,98.96,0,2022,2,1,5,1,0,554.43,548.98,580.31,626.89,562.6166666666667,592.6816666666667,19.0950002182072,44.70580696807448,0.887235851348069,0.05412766264451796,0.007116885802416206,0,True,False,False,True
2022-02-15,East Us,Storage,586.15,617.45,46.89,98.21,100.56,97.07,0,2022,2,1,7,0,0,584.44,554.43,667.83,683.41,575.0066666666667,587.0233333333334,17.84041572759233,42.6423337385131,0.9493076362458498,0.0029258777633289768,-0.12230657502657871,0,True,False,False,True
2022-02-15,East Us,Storage,537.43,608.85,42.99,98.93,100.56,97.07,0,2022,2,1,7,0,0,586.15,584.44,548.98,615.49,569.34,579.8766666666667,27.64809396685408,47.32826625460445,0.8826968875749363,-0.08311865563422338,-0.02103901781485673,0,True,False,False,True
2022-03-01,East Us,Storage,648.19,744.38,51.85,98.5,101.04,99.85,0,2022,3,1,9,1,0,537.43,586.15,554.43,620.1,590.59,576.6033333333334,55.51332812937797,40.165802203699705,0.8707783658883904,0.20609195616173293,0.16911061811229566,0,True,False,False,True
2022-03-15,East Us,Storage,669.11,715.04,53.53,98.34,101.08,99.39,0,2022,3,1,11,0,0,648.19,537.43,584.44,580.31,618.2433333333333,596.625,70.76374589670414,51.87618017934699,0.9357658312821661,0.032274487418812337,0.14487372527547726,0,True,False,False,True
2022-04-15,East Us,Storage,642.93,681.95,51.43,98.8,101.5,99.64,0,2022,4,2,15,0,0,669.11,648.19,586.15,667.83,653.4100000000001,611.375,13.848624480429816,50.028092807942215,0.9427817288657525,-0.03912660100730836,0.096869402030197,0,True,False,False,True
2022-05-01,East Us,Storage,592.02,634.7,47.36,99.13,101.52,101.7,0,2022,5,2,17,1,0,642.93,669.11,537.43,548.98,634.6866666666666,612.6383333333333,39.20052848283168,49.30232465783685,0.9327556325823223,-0.079184359105968,0.10157601920250081,0,True,False,False,True
2022-05-15,East Us,Storage,662.58,736.57,53.01,98.66,102.08,100.56,0,2022,5,2,19,0,0,592.02,642.93,648.19,554.43,632.5100000000001,625.3766666666667,36.41580288830613,50.93632011312513,0.899547904476153,0.11918516266342372,0.02220028078186953,0,True,False,False,True
2022-06-01,East Us,Storage,661.55,728.87,52.92,98.34,102.2,99.87,1,2022,6,2,22,1,0,662.58,592.02,669.11,584.44,638.7166666666667,646.0633333333334,40.443778672785946,28.209247892610737,0.9076378503711223,-0.0015545292643908137,-0.011298590665212105,0,True,False,False,True
2022-06-15,East Us,Storage,631.47,690.69,51.84,98.03,103.24,100.25,1,2022,6,2,24,0,0,661.55,662.58,642.93,586.15,651.8666666666668,643.2766666666666,17.67153737888382,28.777275525434337,0.9142596533900882,-0.04546897437835373,-0.017824646540058664,0,True,False,False,True
2022-07-01,East Us,Storage,642.82,702.07,51.43,98.92,102.71,102.24,1,2022,7,3,26,1,0,631.47,661.55,592.02,537.43,645.2800000000001,638.8950000000001,15.19013824821744,25.91644786617359,0.9156067058840287,0.017973933836920253,0.08580791189486847,0,True,False,False,True
2022-07-15,East Us,Storage,626.34,673.24,50.11,99.2,102.58,101.78,1,2022,7,3,28,0,0,642.82,631.47,662.58,648.19,633.5433333333334,636.13,8.433364295066333,26.282263220660674,0.9303368783791813,-0.025637036806571034,-0.0546952820791452,0,True,False,False,True
2022-08-01,East Us,Storage,602.07,633.98,48.17,99.19,103.46,102.28,0,2022,8,3,31,1,0,626.34,642.82,661.55,669.11,623.7433333333335,637.805,20.498722724435893,23.027568477807048,0.9496671819300294,-0.03874892231056615,-0.08991005970826071,0,True,False,False,True
2022-08-15,East Us,Storage,668.44,728.87,53.48,99.1,102.97,102.26,0,2022,8,3,33,0,0,602.07,626.34,631.47,642.93,632.2833333333334,638.7816666666666,33.58179020441432,24.373444087095276,0.9170908392443098,0.11023635125483744,0.05854593250669082,0,True,False,False,True
2022-09-01,East Us,Storage,716.8,804.11,57.34,99.45,102.71,101.28,0,2022,9,3,35,1,0,668.44,602.07,642.82,592.02,662.4366666666667,647.9900000000001,57.600114872570074,40.07499669370033,0.8914203280645682,0.0723475555023636,0.11508664945085689,0,True,False,False,True
2022-09-15,East Us,Storage,676.81,747.89,54.14,99.02,103.1,102.86,0,2022,9,3,37,0,0,716.8,668.44,626.34,662.58,687.35,655.5466666666667,25.845523790395887,40.60810149054938,0.9049592854564174,-0.055789620535714346,0.08057923811348444,0,True,False,False,True
2022-10-01,East Us,Storage,770.21,846.98,61.62,97.83,103.82,103.08,0,2022,10,4,39,1,0,676.81,716.8,602.07,661.55,721.2733333333334,676.7783333333333,46.8604100849879,60.87051746672408,0.909360315473801,0.13800032505429893,0.2792698523427508,0,True,False,False,True
2022-10-15,East Us,Storage,733.48,818.7,58.68,99.25,103.97,103.87,0,2022,10,4,41,0,0,770.21,676.81,668.44,631.47,726.8333333333334,694.6349999999999,47.053412557786196,58.79454013767007,0.895908147062416,-0.04768829280326148,0.09730117886422107,0,True,False,False,True
2022-11-01,East Us,Storage,730.95,789.66,58.48,98.36,104.3,103.55,0,2022,11,4,44,1,0,733.48,770.21,716.8,642.82,744.8800000000001,716.1150000000001,21.97286735953865,38.12124696281719,0.9256515462350886,-0.003449310137972339,0.019740513392857206,0,True,False,False,True
2022-11-15,East Us,Storage,745.16,793.32,59.61,97.66,104.19,104.45,0,2022,11,4,46,0,0,730.95,733.48,676.81,626.34,736.5300000000001,728.9016666666666,7.580098943937738,31.163634843624497,0.9392930973629808,0.019440454203433877,0.10098846057239119,0,True,False,False,True
2022-12-01,East Us,Storage,742.06,825.46,59.36,98.52,104.41,104.54,0,2022,12,4,48,1,0,745.16,730.95,770.21,602.07,739.39,733.1116666666667,7.471793626692525,30.906981358048643,0.898965425338599,-0.004160180363948718,-0.03654847379286186,0,True,False,False,True
2022-12-15,East Us,Storage,776.23,875.98,62.1,99.79,104.38,103.69,0,2022,12,4,50,0,0,742.06,745.16,733.48,668.44,754.4833333333335,749.6816666666667,18.89684188781825,19.068985727268338,0.8861275371583827,0.04604748942134074,0.05828379778589743,0,True,False,False,True
2021-06-01,Southeast Asia,Compute,800.15,848.41,96.02,98.71,97.54,93.1,1,2021,6,2,22,1,0,803.92,746.98,729.83,672.65,783.6833333333334,769.3333333333334,31.841862906138623,38.29177178803119,0.9431171249749531,-0.004689521345407455,0.09635120507515449,0,False,True,False,False
2021-06-15,Southeast Asia,Compute,774.22,819.5,74.83,98.4,97.56,93.5,1,2021,6,2,24,0,0,800.15,803.92,807.05,674.33,792.7633333333333,777.025,16.169249621838542,32.55010092150246,0.9447467968273338,-0.032406423795538264,-0.0406790161700018,0,False,True,False,False
2021-07-01,Southeast Asia,Compute,838.14,929.02,100.58,99.17,97.44,94.03,1,2021,7,3,26,1,0,774.22,800.15,746.98,696.72,804.17,795.0766666666667,32.14905752895393,31.144965992382534,0.9021764870508708,0.08256051251582242,0.12203807330852223,0,False,True,False,False
2021-07-15,Southeast Asia,Compute,760.82,872.65,74.83,99.51,98.89,93.55,1,2021,7,3,28,0,0,838.14,774.22,803.92,728.07,791.0600000000001,787.3716666666666,41.319302995089224,33.23853451442561,0.8718501117286427,-0.09225189109218024,-0.053612299731316426,0,False,True,False,False
2021-08-01,Southeast Asia,Compute,787.22,837.32,94.47,98.34,98.2,94.84,0,2021,8,3,30,1,0,760.82,838.14,800.15,729.83,795.3933333333334,794.0783333333334,39.30264791758085,26.917135372596114,0.9401662446854249,0.03469940327541332,-0.016159470099356255,0,False,True,False,False
2021-08-15,Southeast Asia,Compute,795.91,849.8,95.51,97.79,98.07,95.37,0,2021,8,3,32,0,0,787.22,760.82,774.22,807.05,781.3166666666667,792.7433333333333,18.27468285178493,26.5272091759888,0.9365850788420805,0.011038845557785448,0.028015292810828818,0,False,True,False,False
2021-09-01,Southeast Asia,Compute,802.83,844.59,96.34,98.01,99.58,95.43,0,2021,9,3,35,1,0,795.91,787.22,838.14,746.98,795.32,793.19,7.821706974822963,26.698873384470705,0.9505558910240471,0.008694450377555452,-0.0421289999284129,0,False,True,False,False
2021-09-15,Southeast Asia,Compute,823.37,873.76,98.8,99.83,99.44,96.11,0,2021,9,3,37,0,0,802.83,795.91,760.82,803.92,807.37,801.3816666666667,14.281862623621528,27.248854226676542,0.9423297015198682,0.025584494849469896,0.08221392707867814,0,False,True,False,False
2021-10-01,Southeast Asia,Compute,917.61,1033.25,110.11,98.63,99.25,95.22,0,2021,10,4,39,1,0,823.37,802.83,787.22,800.15,847.9366666666668,814.6266666666667,61.206641251855494,54.43853512601779,0.8880812968787806,0.1144564412111202,0.1656334950839664,0,False,True,False,False
2021-10-15,Southeast Asia,Compute,917.49,1046.53,110.1,98.3,99.19,95.52,0,2021,10,4,41,0,0,917.61,823.37,795.91,774.22,886.1566666666668,840.7383333333333,54.374881455809614,60.68371063693025,0.8766972757589367,-0.00013077451204757118,0.1527559648704,0,False,True,False,False
2021-11-01,Southeast Asia,Compute,920.61,989.82,110.47,97.94,99.57,96.27,0,2021,11,4,44,1,0,917.49,917.61,802.83,838.14,918.57,862.9700000000001,1.7677103835239454,61.58303792441569,0.9300781960356428,0.0034005820226923333,0.14670602742797345,0,False,True,False,False
2021-11-15,Southeast Asia,Compute,878.49,927.23,105.42,99.43,99.73,96.56,0,2021,11,4,46,0,0,920.61,917.49,823.37,760.82,905.5300000000001,876.7333333333335,23.46923092050562,52.09530407499978,0.9474348327815105,-0.045752272949457384,0.06694438709207273,0,False,True,False,False
2021-12-01,Southeast Asia,Compute,927.74,993.16,111.33,97.59,100.21,97.26,0,2021,12,4,48,1,0,878.49,920.61,917.61,787.22,908.9466666666667,897.5516666666666,26.616078473985443,40.27198252714522,0.934129445406581,0.05606210656922683,0.011039548392018483,0,False,True,False,False
2021-12-15,Southeast Asia,Compute,918.97,1031.3,110.28,99.49,99.67,98.4,0,2021,12,4,50,0,0,927.74,878.49,917.49,795.91,908.4,913.485,26.271358929450482,17.559963268754906,0.8910792204014352,-0.009453079526591468,0.0016130966005079017,0,False,True,False,False
2022-01-01,Southeast Asia,Compute,826.98,920.71,99.24,97.83,100.5,97.55,0,2022,1,1,52,1,0,918.97,927.74,920.61,802.83,891.23,898.38,55.8146495106797,39.08681312156339,0.89819812970425,-0.10010120025680924,-0.10170430475445624,0,False,True,False,False
2022-01-15,Southeast Asia,Compute,802.36,900.17,96.28,98.86,99.93,97.18,0,2022,1,1,2,0,0,826.98,918.97,878.49,823.37,849.4366666666666,879.1916666666667,61.46299238837427,53.44977134344622,0.8913427463701301,-0.029770973905052123,-0.08666006442873564,0,False,True,False,False
2022-02-01,Southeast Asia,Compute,835.81,950.57,100.3,99.44,100.17,98.96,0,2022,2,1,5,1,0,802.36,826.98,927.74,917.61,821.7166666666667,865.0583333333333,17.335011777710292,51.482762714006356,0.8792724365380771,0.04168951592801218,-0.09909026235798835,0,False,True,False,False
2022-02-15,Southeast Asia,Compute,861.2,931.71,103.34,99.63,100.56,97.07,0,2022,2,1,7,0,0,835.81,802.36,918.97,917.49,833.1233333333333,862.1766666666666,29.51186258665074,51.06276007685721,0.92432194566979,0.030377717423816453,-0.06286385845022147,0,False,True,False,False
2022-03-01,Southeast Asia,Compute,906.29,1037.22,74.83,98.97,101.04,99.85,0,2022,3,1,9,1,0,861.2,835.81,826.98,920.61,867.7666666666668,858.6016666666668,35.69591619966288,46.06034972366884,0.8737683422996085,0.05235717603344159,0.09590316573556801,0,False,True,False,False
2022-03-15,Southeast Asia,Compute,892.32,995.4,107.08,97.71,101.08,99.39,0,2022,3,1,11,0,0,906.29,861.2,802.36,878.49,886.6033333333334,854.16,23.082184327601087,39.95497215616616,0.8964436407474383,-0.015414492050006001,0.11211924821775776,0,False,True,False,False
2022-04-01,Southeast Asia,Compute,728.74,969.42,107.36,97.89,101.38,101.04,0,2022,4,2,13,1,0,892.32,906.29,835.81,927.74,842.4499999999999,837.7866666666667,98.72316496142142,65.36804530247699,0.7517278372635184,-0.18331988524296217,-0.1281032770605759,0,False,True,False,False
2022-04-15,Southeast Asia,Compute,886.86,998.45,106.42,97.55,101.5,99.64,0,2022,4,2,15,0,0,728.74,892.32,861.2,918.97,835.9733333333334,851.8699999999999,92.90690896447565,65.31157385946241,0.8882367669888327,0.21697724840135035,0.029795633999071036,0,False,True,False,False
2022-05-01,Southeast Asia,Compute,884.45,1005.12,106.13,99.82,101.52,101.7,0,2022,5,2,17,1,0,886.86,728.74,906.29,826.98,833.35,859.9766666666668,90.60293096804335,65.93516957335197,0.8799446832219039,-0.0027174525855264697,-0.024098246698076697,0,False,True,False,False
2022-05-15,Southeast Asia,Compute,925.2,1043.61,111.02,98.65,102.08,100.56,0,2022,5,2,19,0,0,884.45,886.86,892.32,802.36,898.8366666666667,870.6433333333333,22.863093258204714,71.14373188599734,0.8865380745680859,0.04607383119452768,0.036847767616998484,0,False,True,False,False
2022-06-01,Southeast Asia,Compute,938.82,1017.63,112.66,97.69,102.2,99.87,1,2022,6,2,22,1,0,925.2,884.45,728.74,835.81,916.1566666666668,876.0649999999999,28.2906456860455,75.50915063752213,0.9225553491937148,0.01472114137483782,0.2882783983313666,0,False,True,False,False
2022-06-15,Southeast Asia,Compute,928.9,1044.34,111.47,98.33,103.24,100.25,1,2022,6,2,24,0,0,938.82,925.2,886.86,861.2,930.9733333333334,882.1616666666667,7.042736210689939,78.50153537776616,0.8894612865541874,-0.010566455763618254,0.04740319779897617,0,False,True,False,False
2022-07-01,Southeast Asia,Compute,925.11,1061.05,111.01,99.08,102.71,102.24,1,2022,7,3,26,1,0,928.9,938.82,884.45,906.29,930.9433333333333,914.89,7.07971986263324,23.203206674940212,0.8718816266905425,-0.004080094735708917,0.045972073039742156,0,False,True,False,False
2022-07-15,Southeast Asia,Compute,947.01,1024.3,113.64,97.6,102.58,101.78,1,2022,7,3,28,0,0,925.11,928.9,925.2,892.32,933.6733333333333,924.915,11.704316867436658,21.60996876443799,0.924543590744899,0.023672860524694306,0.0235732814526588,0,False,True,False,False
2022-08-01,Southeast Asia,Compute,965.91,1035.04,74.83,98.45,103.46,102.28,0,2022,8,3,31,1,0,947.01,925.11,938.82,728.74,946.0099999999999,938.4916666666667,20.418374078266467,15.951001744926419,0.9332103107126295,0.019957550606646057,0.02885537163673546,0,False,True,False,False
2022-08-15,Southeast Asia,Compute,976.64,1085.97,117.2,98.41,102.97,102.26,0,2022,8,3,33,0,0,965.91,947.01,928.9,886.86,963.1866666666666,947.065,15.001554363910186,20.541601446819417,0.8993250273948635,0.011108695427110238,0.05139412207987948,0,False,True,False,False
2022-09-01,Southeast Asia,Compute,935.45,1020.91,112.25,97.93,102.71,101.28,0,2022,9,3,35,1,0,976.64,965.91,925.11,884.45,959.3333333333334,946.5033333333334,21.36804701729551,20.855801750751287,0.9162903683968225,-0.042175212975098186,0.011177049215769008,0,False,True,False,False
2022-09-15,Southeast Asia,Compute,929.34,1040.51,112.62,99.27,103.1,102.86,0,2022,9,3,37,0,0,935.45,976.64,947.01,925.2,947.1433333333334,946.5766666666667,25.726893192403807,20.782168959630745,0.8931581628239998,-0.006531615799882373,-0.01865872588462636,0,False,True,False,False
2022-10-01,Southeast Asia,Compute,1025.19,1083.57,74.83,98.49,103.82,103.08,0,2022,10,4,39,1,0,929.34,935.45,965.91,938.82,963.3266666666668,963.2566666666667,53.6622496111871,35.24030854953789,0.9461225393837039,0.10313771063335264,0.06137217753206836,0,False,True,False,False
2022-10-15,Southeast Asia,Compute,1016.33,1168.02,121.96,98.8,103.97,103.87,0,2022,10,4,41,0,0,1025.19,929.34,976.64,928.9,990.2866666666667,974.81,52.966942835445394,39.90324347719067,0.8701306484478006,-0.008642300451623619,0.04063933486238547,0,False,True,False,False
2022-11-01,Southeast Asia,Compute,1046.12,1116.58,125.53,98.33,104.3,103.55,0,2022,11,4,44,1,0,1016.33,1025.19,935.45,925.11,1029.2133333333334,988.1783333333333,15.297105390671863,48.77494496836069,0.9368965949596088,0.029311345724321702,0.11830669731145416,0,False,True,False,False
2022-11-15,Southeast Asia,Compute,846.73,1208.76,126.31,97.84,104.19,104.45,0,2022,11,4,46,0,0,1046.12,1016.33,929.34,947.01,969.7266666666668,966.5266666666666,107.55461883774822,76.10086219397668,0.7004947218637282,-0.19059954880893193,-0.08889104095379519,0,False,True,False,False
2022-12-01,Southeast Asia,Compute,1060.75,1125.43,74.83,98.67,104.41,104.54,0,2022,12,4,48,1,0,846.73,1046.12,1025.19,965.91,984.5333333333334,987.41,119.56516312594279,82.76750787597719,0.9425286335000843,0.2527606202685626,0.03468625327987973,0,False,True,False,False
2022-12-15,Southeast Asia,Compute,1070.26,1178.59,128.43,97.6,104.38,103.69,0,2022,12,4,50,0,0,1060.75,846.73,1016.33,976.64,992.58,1010.8966666666666,126.39927570995013,82.9874187251694,0.9080850847198771,0.008965354701861772,0.053063473478102585,0,False,True,False,False
2021-05-01,Southeast Asia,Storage,612.36,680.43,48.99,98.09,97.03,92.14,0,2021,5,2,17,1,0,547.85,554.9,585.87,528.02,571.7033333333334,571.0383333333333,35.38571792875386,30.362614786389283,0.8999603192099115,0.11775120927261118,0.045214808745967616,0,False,True,False,True
2021-05-15,Southeast Asia,Storage,569.24,619.68,45.54,99.67,97.63,92.43,0,2021,5,2,19,0,0,612.36,547.85,592.14,546.94,576.4833333333332,577.0600000000001,32.85931273373397,24.31688549136175,0.9186031500129099,-0.07041609510745317,-0.0386732867227344,0,False,True,False,True
2021-06-01,Southeast Asia,Storage,619.07,701.19,49.53,99.65,97.54,93.1,1,2021,6,2,22,1,0,569.24,612.36,554.9,528.62,600.2233333333334,582.5933333333334,27.04128756796418,29.866609895779405,0.8828848101085298,0.08753776965778948,0.11564245810055884,0,False,True,False,True
2021-07-01,Southeast Asia,Storage,596.25,642.82,47.7,99.64,97.44,94.03,1,2021,7,3,26,1,0,619.07,569.24,547.85,533.11,594.8533333333334,583.2783333333333,24.944342711992512,30.17489779049249,0.9275535919853146,-0.03686174422924715,0.08834535000456323,0,False,True,False,True
2021-07-15,Southeast Asia,Storage,638.68,700.55,74.83,98.16,98.89,93.55,1,2021,7,3,28,0,0,596.25,619.07,612.36,585.87,618.0,597.2416666666667,21.23522780664237,33.605919369460366,0.9116836771108414,0.07116142557651983,0.04298125285779597,0,False,True,False,True
2021-08-01,Southeast Asia,Storage,634.12,703.24,50.73,98.55,98.2,94.84,0,2021,8,3,30,1,0,638.68,596.25,569.24,592.14,623.0166666666667,611.62,23.292471602072013,25.79474752735543,0.9017120755360901,-0.007139725684223608,0.1139765301103226,0,False,True,False,True
2021-08-15,Southeast Asia,Storage,604.54,662.63,48.36,98.37,98.07,95.37,0,2021,8,3,32,0,0,634.12,638.68,619.07,554.9,625.78,610.3166666666667,18.535144995386432,25.946991090811963,0.9123341834809773,-0.04664732227338686,-0.02347068990582657,0,False,True,False,True
2021-09-01,Southeast Asia,Storage,600.75,650.47,48.06,99.64,99.58,95.43,0,2021,9,3,35,1,0,604.54,634.12,596.25,547.85,613.1366666666667,615.5683333333333,18.270638558444844,17.916362819129233,0.9235629621658186,-0.006269229496807416,0.007547169811320753,0,False,True,False,True
2021-09-15,Southeast Asia,Storage,628.2,713.98,50.26,98.12,99.44,96.11,0,2021,9,3,37,0,0,600.75,604.54,638.68,612.36,611.1633333333333,617.09,14.875383468446541,18.646097715071917,0.8798565786156476,0.04569288389513115,-0.01640884323918068,0,False,True,False,True
2021-10-01,Southeast Asia,Storage,670.41,731.54,53.63,99.73,99.25,95.22,0,2021,10,4,39,1,0,628.2,600.75,634.12,569.24,633.12,629.45,35.08965232087663,25.4184342554771,0.9164365584930421,0.06719197707736368,0.05722891566265065,0,False,True,False,True
2021-10-15,Southeast Asia,Storage,648.78,742.19,51.9,98.3,99.19,95.52,0,2021,10,4,41,0,0,670.41,628.2,604.54,619.07,649.13,631.1333333333333,21.10717650468693,26.464838307963998,0.8741427397297187,-0.03226383854656101,0.07317960763555753,0,False,True,False,True
2021-11-01,Southeast Asia,Storage,739.34,843.47,59.15,98.46,99.57,96.27,0,2021,11,4,44,1,0,648.78,670.41,600.75,596.25,686.1766666666666,648.67,47.29396614086579,51.68460660583594,0.8765456981279713,0.13958506735719367,0.2306949646275489,0,False,True,False,True
2021-11-15,Southeast Asia,Storage,732.39,769.35,58.59,98.46,99.73,96.56,0,2021,11,4,46,0,0,739.34,648.78,628.2,638.68,706.8366666666667,669.9783333333334,50.39849237163122,56.02464436894438,0.9519594462858256,-0.009400275921768175,0.16585482330467993,0,False,True,False,True
2021-12-01,Southeast Asia,Storage,707.71,776.51,56.62,97.66,100.21,97.26,0,2021,12,4,48,1,0,732.39,739.34,670.41,634.12,726.48,687.805,16.622584034982218,45.64686221417667,0.9113984365945063,-0.033697893198978646,0.05563759490461062,0,False,True,False,True
2021-12-15,Southeast Asia,Storage,703.1,766.18,56.25,97.99,99.67,98.4,0,2021,12,4,50,0,0,707.71,732.39,648.78,604.54,714.4,700.2883333333334,15.749384114943698,35.11227558371435,0.9176694771463626,-0.006513967585592972,0.08372637874163824,0,False,True,False,True
2022-01-01,Southeast Asia,Storage,597.2,676.92,47.78,98.76,100.5,97.55,0,2022,1,1,52,1,0,703.1,707.71,739.34,600.75,669.3366666666667,688.0866666666667,62.51469453923091,54.78241530515695,0.8822312828694677,-0.1506186886644858,-0.19225254957123916,0,False,True,False,True
2022-01-15,Southeast Asia,Storage,604.37,663.36,48.35,99.75,99.93,97.18,0,2022,1,1,2,0,0,597.2,703.1,732.39,628.2,634.89,680.6850000000001,59.180277964876005,63.467036089611305,0.9110739266763145,0.012006028131279267,-0.1747975805240377,0,False,True,False,True
2022-02-01,Southeast Asia,Storage,613.49,684.58,49.08,99.54,100.17,98.96,0,2022,2,1,5,1,0,604.37,597.2,707.71,670.41,605.02,659.71,8.16442894512312,60.95142098425611,0.8961553069035029,0.015090093816701788,-0.1331336281810347,0,False,True,False,True
2022-02-15,Southeast Asia,Storage,644.13,716.01,51.53,97.56,100.56,97.07,0,2022,2,1,7,0,0,613.49,604.37,703.1,648.78,620.6633333333333,645.0,20.828032392266678,49.47206888740362,0.8996103406377006,0.04994376436453729,-0.08387142653961033,0,False,True,False,True
2022-03-01,Southeast Asia,Storage,677.72,722.93,54.22,98.06,101.04,99.85,0,2022,3,1,9,1,0,644.13,613.49,597.2,739.34,645.1133333333333,640.0016666666667,32.126288819801914,42.95481878284057,0.9374628248931433,0.052147858351575094,0.13482920294708634,0,False,True,False,True
2022-03-15,Southeast Asia,Storage,688.69,751.25,55.1,98.12,101.08,99.39,0,2022,3,1,11,0,0,677.72,644.13,604.37,732.39,670.18,637.6,23.21717252380255,38.93617443971615,0.9167254575707156,0.01618662574514551,0.13951718318248774,0,False,True,False,True
2022-04-01,Southeast Asia,Storage,693.73,785.17,55.5,98.72,101.38,101.04,0,2022,4,2,13,1,0,688.69,677.72,613.49,707.71,686.7133333333335,653.6883333333334,8.185990064332756,38.84723537996857,0.883541143956086,0.0073182418795103565,0.13079267795726102,0,False,True,False,True
2022-04-15,Southeast Asia,Storage,698.34,755.86,55.87,99.35,101.5,99.64,0,2022,4,2,15,0,0,693.73,688.69,644.13,703.1,693.5866666666667,669.35,4.826596454372292,33.571669603998345,0.9239012515545207,0.006645236619434058,0.08416002980764747,0,False,True,False,True
2022-05-01,Southeast Asia,Storage,728.48,778.41,58.28,99.36,101.52,101.7,0,2022,5,2,17,1,0,698.34,693.73,677.72,597.2,706.85,688.515,18.873412516024644,27.59535812414911,0.9358564252771676,0.043159492510811415,0.07489818804225923,0,False,True,False,True
2022-05-15,Southeast Asia,Storage,708.11,750.94,56.65,99.87,102.08,100.56,0,2022,5,2,19,0,0,728.48,698.34,688.69,604.37,711.6433333333334,699.1783333333333,15.377523641125459,17.545453447167375,0.9429648174288225,-0.02796233252800351,0.02819846375001811,0,False,True,False,True
2022-06-01,Southeast Asia,Storage,721.1,821.68,57.69,99.46,102.2,99.87,1,2022,6,2,22,1,0,708.11,728.48,693.73,613.49,719.23,706.4083333333333,10.312948172081795,15.784021561906286,0.8775922500243405,0.01834460747623967,0.03945338964726908,0,False,True,False,True
2022-06-15,Southeast Asia,Storage,721.34,784.18,57.71,97.6,103.24,100.25,1,2022,6,2,24,0,0,721.1,708.11,698.34,644.13,716.85,711.85,7.570013210030988,13.978709525562799,0.9198653370399654,0.0003328248509222309,0.03293524644156132,0,False,True,False,True
2022-07-01,Southeast Asia,Storage,694.81,752.14,55.58,97.81,102.71,102.24,1,2022,7,3,26,1,0,721.34,721.1,728.48,677.72,712.4166666666666,712.0300000000001,15.24829280061787,13.702951506885682,0.9237774882335735,-0.03677877283943787,-0.046219525587524846,0,False,True,False,True
2022-07-15,Southeast Asia,Storage,715.59,761.98,57.25,99.82,102.58,101.78,1,2022,7,3,28,0,0,694.81,721.34,708.11,688.69,710.58,714.9050000000001,13.956550433400084,11.954230631875198,0.9391191369852228,0.029907456714785452,0.010563330555987127,0,False,True,False,True
2022-08-01,Southeast Asia,Storage,749.74,836.05,59.98,99.08,103.46,102.28,0,2022,8,3,31,1,0,715.59,694.81,721.1,693.73,720.0466666666666,718.4483333333333,27.734863138897598,18.266819555323046,0.8967645475749059,0.04772285806118015,0.03971709887671615,0,False,True,False,True
2022-08-15,Southeast Asia,Storage,746.2,847.93,59.7,98.65,102.97,102.26,0,2022,8,3,33,0,0,749.74,715.59,721.34,698.34,737.1766666666667,724.7966666666667,18.778206339621285,20.444311352225526,0.8800254738009035,-0.004721636834102427,0.034463637119804824,0,False,True,False,True
2022-09-01,Southeast Asia,Storage,753.62,842.63,60.29,98.76,102.71,101.28,0,2022,9,3,35,1,0,746.2,749.74,694.81,728.48,749.8533333333334,730.2166666666667,3.7112980658261057,23.369681783600317,0.8943664479071479,0.009943714821763594,0.08464184453303791,0,False,True,False,True
2022-09-15,Southeast Asia,Storage,841.48,883.69,62.22,97.73,103.1,102.86,0,2022,9,3,37,0,0,753.62,746.2,715.59,708.11,780.4333333333334,750.2399999999999,52.99797857780459,50.25105173028805,0.9522343808349081,0.11658395477827033,0.17592476138570956,0,False,True,False,True
2022-10-01,Southeast Asia,Storage,774.12,874.78,61.93,98.8,103.82,103.08,0,2022,10,4,39,1,0,841.48,753.62,749.74,721.1,789.7399999999999,763.4583333333334,45.96556537235357,42.60343761560511,0.8849310683829077,-0.0800494367067548,0.03251793955237825,0,False,True,False,True
2022-10-15,Southeast Asia,Storage,792.27,898.6,63.38,99.0,103.97,103.87,0,2022,10,4,41,0,0,774.12,841.48,746.2,721.34,802.6233333333333,776.2383333333333,34.853063471285516,36.425345251167656,0.8816714889828622,0.023445977367849924,0.0617394800321629,0,False,True,False,True
2022-11-01,Southeast Asia,Storage,792.29,909.2,63.38,99.47,104.3,103.55,0,2022,11,4,44,1,0,792.27,774.12,753.62,694.81,786.2266666666666,783.3299999999999,10.484685657349893,34.31551485844409,0.8714144302683677,2.5243919370865342e-05,0.05131233247525269,0,False,True,False,True
2022-11-15,Southeast Asia,Storage,800.66,850.41,64.05,97.74,104.19,104.45,0,2022,11,4,46,0,0,792.29,792.27,841.48,715.59,795.0733333333334,792.4066666666668,4.838205590241778,29.377370656114998,0.9414988064580614,0.010564313572050565,-0.048509768503113615,0,False,True,False,True
2022-12-01,Southeast Asia,Storage,930.705,939.07,66.22,98.67,104.41,104.54,0,2022,12,4,48,1,0,800.66,792.29,774.12,749.74,841.2183333333334,821.9208333333335,77.61064268728543,57.81116989100615,0.99109225084392,0.1624222516423952,0.20227484110990557,0,False,True,False,True
2022-12-15,Southeast Asia,Storage,802.65,849.58,64.21,97.67,104.38,103.69,0,2022,12,4,50,0,0,930.705,800.66,792.27,746.2,844.6716666666667,815.4491666666667,74.51369577690733,57.35532411351866,0.9447609407001105,-0.1375892468612504,0.0131015941535082,0,False,True,False,True
2021-05-01,West Europe,Compute,591.3,667.88,70.96,98.55,97.03,92.14,0,2021,5,2,17,1,0,632.74,617.15,628.9,549.87,613.73,602.1683333333334,20.930616331107306,29.824996507404133,0.8853386835958554,-0.06549293548692992,-0.05978692955954845,0,False,False,True,False
2021-05-15,West Europe,Compute,664.45,739.87,79.73,98.4,97.63,92.43,0,2021,5,2,19,0,0,591.3,632.74,588.34,563.44,629.4966666666666,620.48,36.68269392143053,28.46087068239492,0.8980631732601674,0.1237104684593271,0.12936397321276805,0,False,False,True,False
2021-06-01,West Europe,Compute,518.745,740.56,79.1,98.18,97.54,93.1,1,2021,6,2,22,1,0,664.45,591.3,617.15,559.04,591.4983333333333,602.1208333333334,72.85270247789947,49.6122275670693,0.7004766663065789,-0.21928662803822718,-0.15945070080207402,0,False,False,True,False
2021-06-15,West Europe,Compute,682.755,692.29,78.44,97.64,97.56,93.5,1,2021,6,2,24,0,0,518.745,664.45,632.74,554.58,621.9833333333335,617.8566666666667,89.8742641601774,58.5373801657255,0.9862268702422395,0.316166902813521,0.07904510541454624,0,False,False,True,False
2021-07-15,West Europe,Compute,657.36,710.57,78.88,99.14,98.89,93.55,1,2021,7,3,28,0,0,682.755,518.745,591.3,628.9,619.62,624.5583333333333,88.27825737405567,60.70200051618295,0.9251164558030877,-0.03719489421534805,0.11171993911719946,0,False,False,True,False
2021-08-01,West Europe,Compute,629.2,667.8,75.5,98.75,98.2,94.84,0,2021,8,3,30,1,0,657.36,682.755,664.45,588.34,656.4383333333334,623.9683333333334,26.789393579052092,60.62372659831029,0.94219826295298,-0.04283801874163318,-0.05305139589133867,0,False,False,True,False
2021-08-15,West Europe,Compute,625.81,685.84,75.1,98.68,98.07,95.37,0,2021,8,3,32,0,0,629.2,657.36,518.745,617.15,637.4566666666666,629.7199999999999,17.319931678079914,58.504466239766764,0.9124722967455965,-0.005387794024157788,0.2063923507696459,0,False,False,True,False
2021-09-01,West Europe,Compute,658.63,715.96,79.04,98.98,99.58,95.43,0,2021,9,3,35,1,0,625.81,629.2,682.755,632.74,637.88,628.75,18.049789472457096,57.85815871594954,0.9199256941728587,0.05244403253383623,-0.0353347833410228,0,False,False,True,False
2021-09-15,West Europe,Compute,651.73,726.41,78.21,98.35,99.44,96.11,0,2021,9,3,37,0,0,658.63,625.81,657.36,591.3,645.39,650.9141666666667,17.304184465036965,21.0585437332851,0.8971930452499278,-0.010476291696400075,-0.008564561275404614,0,False,False,True,False
2021-10-01,West Europe,Compute,704.55,747.87,84.55,98.19,99.25,95.22,0,2021,10,4,39,1,0,651.73,658.63,629.2,664.45,671.6366666666667,654.5466666666667,28.71181173895799,28.28817750698479,0.9420754944041076,0.08104583186288794,0.11975524475524457,0,False,False,True,False
2021-10-15,West Europe,Compute,744.99,831.79,89.4,98.36,99.19,95.52,0,2021,10,4,41,0,0,704.55,651.73,625.81,518.745,700.4233333333333,669.1516666666666,46.7667502969083,46.67622624705946,0.8956467377583285,0.05739833936555261,0.19044118822006695,0,False,False,True,False
2021-11-15,West Europe,Compute,756.08,847.36,90.73,98.88,99.73,96.56,0,2021,11,4,46,0,0,744.99,704.55,658.63,682.755,735.2066666666666,690.2983333333333,27.122323523868236,53.23656803989797,0.8922771903323263,0.014886105853769926,0.14795864142234638,0,False,False,True,False
2021-12-01,West Europe,Compute,701.88,801.19,84.23,98.89,100.21,97.26,0,2021,12,4,48,1,0,756.08,744.99,651.73,657.36,734.3166666666667,702.9766666666666,28.63302347523529,42.852327669179026,0.8760468802656048,-0.07168553592212468,0.07694904331548336,0,False,False,True,False
2021-12-15,West Europe,Compute,727.67,810.92,87.32,97.56,99.67,98.4,0,2021,12,4,50,0,0,701.88,756.08,704.55,629.2,728.5433333333334,714.4833333333332,27.110552066185882,37.497529340833765,0.8973388250382281,0.03674417279306996,0.0328152721595345,0,False,False,True,False
2022-01-01,West Europe,Compute,640.45,712.44,74.83,98.82,100.5,97.55,0,2022,1,1,52,1,0,727.67,701.88,744.99,625.81,690.0,712.6033333333334,44.80717464871031,41.35715351262327,0.8989528942788164,-0.11986202536864232,-0.14032403119504955,0,False,False,True,False
2022-01-15,West Europe,Compute,676.7,751.17,81.2,97.92,99.93,97.18,0,2022,1,1,2,0,0,640.45,727.67,756.08,658.63,681.6066666666667,707.9616666666667,43.81653378957945,43.924921134439,0.9008613230027824,0.05660082754313378,-0.10498889006454337,0,False,False,True,False
2022-02-01,West Europe,Compute,680.24,761.08,81.63,99.17,100.17,98.96,0,2022,2,1,5,1,0,676.7,640.45,701.88,651.73,665.7966666666667,697.1700000000001,22.022103290407028,40.85492969030809,0.8937825195774426,0.005231269395596261,-0.030831481164871444,0,False,False,True,False
2022-02-15,West Europe,Compute,680.15,772.79,81.62,98.27,100.56,97.07,0,2022,2,1,7,0,0,680.24,676.7,727.67,704.55,679.0300000000001,684.515,2.0183409028283297,28.996636184219973,0.8801226723948291,-0.00013230624485482956,-0.06530432751109705,0,False,False,True,False
2022-03-01,West Europe,Compute,756.99,812.92,90.84,99.6,101.04,99.85,0,2022,3,1,9,1,0,680.15,680.24,640.45,744.99,705.7933333333334,693.6999999999999,44.33763675855286,41.59067587813426,0.9311986419327856,0.11297507902668524,0.1819658052931532,0,False,False,True,False
2022-03-15,West Europe,Compute,753.81,843.97,90.46,99.46,101.08,99.39,0,2022,3,1,11,0,0,756.99,680.15,676.7,756.08,730.3166666666666,698.0566666666667,43.4746930217269,46.89198126190327,0.8931715582307427,-0.004200848095747722,0.1139500517215899,0,False,False,True,False
2022-04-01,West Europe,Compute,748.4,805.8,89.81,98.65,101.38,101.04,0,2022,4,2,13,1,0,753.81,756.99,680.24,701.88,753.0666666666666,716.0483333333333,4.34297517070962,40.6645110221025,0.9287664432861753,-0.0071768748093020696,0.10019992943666933,0,False,False,True,False
2022-04-15,West Europe,Compute,732.85,815.86,87.94,97.75,101.5,99.64,0,2022,4,2,15,0,0,748.4,753.81,680.15,727.67,745.02,725.4066666666666,10.881116670639237,35.99040575857266,0.8982546025053318,-0.020777659005879134,0.07748290818201875,0,False,False,True,False
2022-05-15,West Europe,Compute,730.59,781.77,87.67,97.65,102.08,100.56,0,2022,5,2,19,0,0,732.85,748.4,756.99,640.45,737.2800000000001,733.7983333333333,9.696272479672801,28.42838470027278,0.9345331747189072,-0.003083850719792558,-0.0348749653231879,0,False,False,True,False
2022-06-01,West Europe,Compute,733.45,811.75,88.01,99.42,102.2,99.87,1,2022,6,2,22,1,0,730.59,732.85,753.81,676.7,732.2966666666667,742.6816666666667,1.5081556064915225,11.741901748298963,0.9035417308284571,0.0039146443285564825,-0.027009458616892745,0,False,False,True,False
2022-06-15,West Europe,Compute,763.94,852.45,91.67,98.83,103.24,100.25,1,2022,6,2,24,0,0,733.45,730.59,748.4,680.24,742.6600000000002,743.84,18.484417761997932,13.627172854265849,0.896169863335093,0.04157065921330694,0.020764297167290335,0,False,False,True,False
2022-07-01,West Europe,Compute,792.37,890.08,95.08,98.92,102.71,102.24,1,2022,7,3,26,1,0,763.94,733.45,732.85,680.15,763.2533333333334,750.2666666666668,29.46600131224817,24.234054276301126,0.8902233507100485,0.03721496452600981,0.08121716585931638,0,False,False,True,False
2022-07-15,West Europe,Compute,755.87,796.43,90.7,99.09,102.58,101.78,1,2022,7,3,28,0,0,792.37,763.94,730.59,756.99,770.7266666666668,751.5116666666668,19.173070524394838,24.31073706547601,0.9490727370892609,-0.04606433862968062,0.03460217084821848,0,False,False,True,False
2022-08-01,West Europe,Compute,784.46,899.76,94.14,99.11,103.46,102.28,0,2022,8,3,31,1,0,755.87,792.37,733.45,753.81,777.5666666666666,760.1133333333333,19.201589343942942,25.489066414184585,0.8718547168133725,0.03782396443832936,0.06954802645033742,0,False,False,True,False
2022-08-15,West Europe,Compute,784.15,885.92,94.1,99.46,102.97,102.26,0,2022,8,3,33,0,0,784.46,755.87,763.94,748.4,774.8266666666667,769.04,16.417686601145164,22.25526634304896,0.8851250677262056,-0.0003951762996201591,0.02645495719559121,0,False,False,True,False
2022-09-01,West Europe,Compute,796.74,855.97,95.61,97.64,102.71,101.28,0,2022,9,3,35,1,0,784.15,784.46,792.37,732.85,788.4499999999999,779.5883333333333,7.1810236039227595,16.18346244370212,0.9308036496606189,0.01605560160683539,0.005515100268813855,0,False,False,True,False
2022-09-15,West Europe,Compute,784.01,887.43,94.08,98.05,103.1,102.86,0,2022,9,3,37,0,0,796.74,784.15,755.87,730.59,788.3000000000001,782.9333333333334,7.309589591768887,14.262320521805636,0.8834612307449602,-0.01597760875567944,0.037228623969730146,0,False,False,True,False
2022-10-01,West Europe,Compute,833.35,910.7,100.0,99.16,103.82,103.08,0,2022,10,4,39,1,0,784.01,796.74,784.46,733.45,804.6999999999999,789.7633333333333,25.615036599624542,25.258523841798848,0.915065334358186,0.06293287075419962,0.06232312673686358,0,False,False,True,False
2022-10-15,West Europe,Compute,835.32,924.06,100.24,97.92,103.97,103.87,0,2022,10,4,41,0,0,833.35,784.01,784.15,763.94,817.5600000000001,803.0050000000001,29.071843766780823,24.75708605632051,0.9039672748522825,0.0023639527209455835,0.0652553720589173,0,False,False,True,False
2022-11-01,West Europe,Compute,822.06,895.79,98.65,98.94,104.3,103.55,0,2022,11,4,44,1,0,835.32,833.35,796.74,792.37,830.2433333333333,809.2716666666666,7.155098415357578,23.8667797716141,0.9176927628127127,-0.01587415601206732,0.03177950146848407,0,False,False,True,False
2022-11-15,West Europe,Compute,859.91,985.96,103.19,98.25,104.19,104.45,0,2022,11,4,46,0,0,822.06,835.32,784.01,755.87,839.0966666666667,821.8983333333334,19.205546941794037,27.657412327741934,0.872155057000284,0.046042867917183594,0.09680998966849907,0,False,False,True,False
2022-12-01,West Europe,Compute,840.8,913.76,74.83,99.49,104.41,104.54,0,2022,12,4,48,1,0,859.91,822.06,833.35,784.46,840.9233333333332,829.2416666666668,18.92530140667395,25.398607376522314,0.9201540886009455,-0.02222325592213137,0.008939821203575837,0,False,False,True,False
2022-12-15,West Europe,Compute,854.76,956.32,102.57,98.11,104.38,103.69,0,2022,12,4,50,0,0,840.8,859.91,835.32,784.15,851.8233333333333,841.0333333333333,9.887670773921124,14.117135214580044,0.8938012380793039,0.01660323501427219,0.023272518316333812,0,False,False,True,False
2021-05-01,West Europe,Storage,489.73,518.06,39.18,99.81,97.03,92.14,0,2021,5,2,17,1,0,489.08,533.2,453.41,441.05,504.00333333333333,473.57666666666665,25.28714363729836,37.667733495216645,0.9453152144539244,0.001329025926228855,0.08010410004190471,0,False,False,True,True
2021-05-15,West Europe,Storage,457.4,508.89,36.59,99.56,97.63,92.43,0,2021,5,2,19,0,0,489.73,489.08,445.19,391.01,478.7366666666667,478.0016666666667,18.480953258242696,32.90265485742247,0.8988189982117942,-0.06601596798235776,0.02742649205956993,0,False,False,True,True
2021-06-01,West Europe,Storage,499.35,533.17,39.95,99.44,97.54,93.1,1,2021,6,2,22,1,0,457.4,489.73,533.2,433.69,482.16,485.6583333333333,21.97565243627637,31.343827090300707,0.9365680739726543,0.09171403585483184,-0.06348462115528886,0,False,False,True,True
2021-06-15,West Europe,Storage,505.77,558.85,40.46,99.63,97.56,93.5,1,2021,6,2,24,0,0,499.35,457.4,489.08,430.85,487.50666666666666,495.75500000000005,26.26999492450186,24.76818342147853,0.9050192359309295,0.012856713727846136,0.03412529647501428,0,False,False,True,True
2021-07-01,West Europe,Storage,483.86,526.19,38.71,99.58,97.44,94.03,1,2021,7,3,26,1,0,505.77,499.35,489.73,453.41,496.32666666666665,487.5316666666667,11.26354443917873,16.738806906905502,0.919553773351831,-0.04332008620519201,-0.011986196475609057,0,False,False,True,True
2021-07-15,West Europe,Storage,537.92,573.57,43.03,99.47,98.89,93.55,1,2021,7,3,28,0,0,483.86,505.77,457.4,445.19,509.18333333333334,495.6716666666666,27.19115726359131,26.608147185902848,0.9378454242725385,0.11172653246806918,0.1760384783559248,0,False,False,True,True
2021-08-01,West Europe,Storage,533.15,600.99,42.65,99.55,98.2,94.84,0,2021,8,3,30,1,0,537.92,483.86,499.35,533.2,518.31,502.9083333333333,29.929752755410828,30.31525518062932,0.8871195860164062,-0.008867489589529987,0.06768799439271045,0,False,False,True,True
2021-08-15,West Europe,Storage,506.49,548.46,40.52,98.08,98.07,95.37,0,2021,8,3,32,0,0,533.15,537.92,505.77,489.08,525.8533333333334,511.09,16.937893414865876,20.66521425003887,0.9234766436932501,-0.05000468911188216,0.0014235719793582735,0,False,False,True,True
2021-09-01,West Europe,Storage,503.28,547.01,40.26,99.29,99.58,95.43,0,2021,9,3,35,1,0,506.49,533.15,483.86,489.73,514.3066666666667,511.74499999999995,16.397543515214583,20.277326007144286,0.9200563061004369,-0.006337736184327536,0.04013557640639842,0,False,False,True,True
2021-09-15,West Europe,Storage,487.14,559.56,38.97,98.07,99.44,96.11,0,2021,9,3,37,0,0,503.28,506.49,537.92,457.4,498.96999999999997,508.64000000000004,10.370038572735456,22.66146067666443,0.8705768818357281,-0.03206962327134,-0.09440065437239731,0,False,False,True,True
2021-10-01,West Europe,Storage,567.96,629.37,45.44,98.65,99.25,95.22,0,2021,10,4,39,1,0,487.14,503.28,533.15,499.35,519.46,522.6566666666666,42.77046176977784,29.304338700381635,0.9024262357595692,0.1659071314201257,0.06529119384788529,0,False,False,True,True
2021-10-15,West Europe,Storage,558.58,635.51,44.69,99.46,99.19,95.52,0,2021,10,4,41,0,0,567.96,487.14,506.49,505.77,537.8933333333333,526.1,44.20318691376634,32.4964570376529,0.8789476168746362,-0.016515247552644552,0.10284507097869655,0,False,False,True,True
2021-11-01,West Europe,Storage,564.65,639.25,45.17,99.53,99.57,96.27,0,2021,11,4,44,1,0,558.58,567.96,503.28,483.86,563.73,531.35,4.7571945514168625,36.19702639720593,0.8833007430582713,0.010866840918042131,0.12194007312033062,0,False,False,True,True
2021-11-15,West Europe,Storage,578.68,642.72,46.29,99.27,99.73,96.56,0,2021,11,4,46,0,0,564.65,558.58,487.14,537.92,567.3033333333333,543.3816666666667,10.309346891697997,38.222158189546214,0.9003609658949464,0.02484725050916503,0.18791312559017936,0,False,False,True,True
2021-12-15,West Europe,Storage,565.84,602.97,45.27,99.08,99.67,98.4,0,2021,12,4,50,0,0,578.68,564.65,567.96,533.15,569.7233333333334,553.8083333333334,7.7794879865813735,33.31248319574362,0.9384214803389886,-0.02218842883804506,-0.003732657229382319,0,False,False,True,True
2022-01-01,West Europe,Storage,528.72,578.22,42.3,99.78,100.5,97.55,0,2022,1,1,52,1,0,565.84,578.68,558.58,506.49,557.7466666666666,560.7383333333333,25.944689887014697,17.00127103091721,0.9143924457818823,-0.06560158348649792,-0.05345698019979239,0,False,False,True,True
2022-01-15,West Europe,Storage,536.25,612.1,42.9,98.42,99.93,97.18,0,2022,1,1,2,0,0,528.72,565.84,564.65,503.28,543.6033333333334,555.4533333333334,19.622110827669985,19.10578306866018,0.8760823394870119,0.014241942805265584,-0.05029664393872302,0,False,False,True,True
2022-02-01,West Europe,Storage,559.22,632.98,44.74,99.17,100.17,98.96,0,2022,2,1,5,1,0,536.25,528.72,578.68,487.14,541.3966666666666,555.56,15.888002811346807,19.12850333925881,0.8834718316534488,0.04283449883449886,-0.03362825741342357,0,False,False,True,True
2022-03-01,West Europe,Storage,547.54,590.65,43.8,98.06,101.04,99.85,0,2022,3,1,9,1,0,559.22,536.25,565.84,567.96,547.6700000000001,552.7083333333334,11.485551793450412,18.774442645966918,0.9270126132227207,-0.020886234397911485,-0.03234129789339757,0,False,False,True,True
2022-03-15,West Europe,Storage,546.59,586.18,43.73,98.12,101.08,99.39,0,2022,3,1,11,0,0,547.54,559.22,528.72,558.58,551.1166666666667,547.36,7.0337495927396745,13.810698751331671,0.9324610187996862,-0.0017350330569454453,0.03379860795884393,0,False,False,True,True
2022-04-01,West Europe,Storage,602.13,671.89,48.17,99.58,101.38,101.04,0,2022,4,2,13,1,0,546.59,547.54,536.25,564.65,565.4200000000001,553.4083333333333,31.795340853653983,26.04774647962281,0.8961734807781035,0.10161181141257614,0.12285314685314686,0,False,False,True,True
2022-04-15,West Europe,Storage,570.78,652.81,45.66,97.66,101.5,99.64,0,2022,4,2,15,0,0,602.13,546.59,559.22,578.68,573.1666666666666,560.4183333333334,27.84681370163154,23.621371185151496,0.8743432239089475,-0.05206516865128796,0.02067164979793268,0,False,False,True,True
2022-05-01,West Europe,Storage,589.85,675.0,47.19,99.03,101.52,101.7,0,2022,5,2,17,1,0,570.78,602.13,547.54,565.84,587.5866666666667,569.3516666666667,15.797076733794224,22.77337868360135,0.8738518518518519,0.033410420827639564,0.07727289330459897,0,False,False,True,True
2022-05-15,West Europe,Storage,608.42,674.25,48.67,99.41,102.08,100.56,0,2022,5,2,19,0,0,589.85,570.78,546.59,528.72,589.6833333333334,577.5516666666667,18.820553481058486,26.882625925803993,0.9023655913978494,0.03148258031702955,0.11311952285991311,0,False,False,True,True
2022-06-01,West Europe,Storage,573.98,614.17,45.92,97.75,102.2,99.87,1,2022,6,2,22,1,0,608.42,589.85,602.13,536.25,590.75,581.9583333333334,17.23763034758692,22.842601792849887,0.9345620919289448,-0.05660563426580312,-0.04675070167571782,0,False,False,True,True
2022-06-15,West Europe,Storage,568.13,637.39,45.45,99.89,103.24,100.25,1,2022,6,2,24,0,0,573.98,608.42,570.78,559.22,583.51,585.5483333333333,21.77008727589412,17.157490978191134,0.8913381132430694,-0.010191992752360712,-0.004642769543431791,0,False,False,True,True
2022-07-01,West Europe,Storage,614.4,700.97,49.15,98.07,102.71,102.24,1,2022,7,3,26,1,0,568.13,573.98,589.85,547.54,585.5033333333334,587.5933333333334,25.19560742140148,20.02135027081616,0.8764997075481118,0.0814426275676341,0.04162075103839946,0,False,False,True,True
2022-07-15,West Europe,Storage,579.81,636.33,46.39,99.43,102.58,101.78,1,2022,7,3,28,0,0,614.4,568.13,608.42,546.59,587.4466666666667,589.0983333333332,24.061737953302192,18.807308597104228,0.9111781622742915,-0.05629882812500009,-0.047023437756812725,0,False,False,True,True
2022-08-01,West Europe,Storage,572.93,627.0,45.83,97.93,103.46,102.28,0,2022,8,3,31,1,0,579.81,614.4,573.98,602.13,589.0466666666666,586.2783333333333,22.224473747051572,19.90833937491297,0.9137639553429027,-0.0118659560890636,-0.0018293320324751505,0,False,False,True,True
2022-08-15,West Europe,Storage,608.02,645.73,48.64,97.51,102.97,102.26,0,2022,8,3,33,0,0,572.93,579.81,568.13,570.78,586.92,586.2116666666667,18.594114660291066,19.81983795762999,0.941600978737243,0.06124657462517247,0.07021280340767078,0,False,False,True,True
2022-09-01,West Europe,Storage,606.82,693.87,48.55,97.74,102.71,101.28,0,2022,9,3,35,1,0,608.02,572.93,614.4,589.85,595.9233333333333,591.6850000000001,19.921848140506093,20.295198200560808,0.8745442229812501,-0.0019736192888391013,-0.012337239583333215,0,False,False,True,True
2022-09-15,West Europe,Storage,612.07,655.65,48.97,98.49,103.1,102.86,0,2022,9,3,37,0,0,606.82,608.02,579.81,608.42,608.97,599.0083333333333,2.7509089407053784,17.87958770964018,0.9335316098528179,0.008651659470683137,0.05563891619668526,0,False,False,True,True
2022-10-01,West Europe,Storage,686.18,788.51,54.9,97.75,103.82,103.08,0,2022,10,4,39,1,0,612.07,606.82,572.93,573.98,635.0233333333334,610.9716666666667,44.380671844096526,40.253363296334854,0.8702235862576251,0.12108092211675126,0.1976681269963172,0,False,False,True,True
2022-10-15,West Europe,Storage,652.28,729.91,52.18,98.79,103.97,103.87,0,2022,10,4,41,0,0,686.18,612.07,608.02,568.13,650.1766666666666,623.0500000000001,37.099744383666376,39.90408099430498,0.8936444219150306,-0.04940394648634461,0.07279365810335192,0,False,False,True,True
2022-11-01,West Europe,Storage,670.76,738.89,53.66,98.69,104.3,103.55,0,2022,11,4,44,1,0,652.28,686.18,606.82,614.4,669.7399999999999,639.355,16.97300209155873,35.016538806684636,0.9077941236178593,0.02833139142699448,0.10536897267723533,0,False,False,True,True
2022-11-15,West Europe,Storage,671.19,738.73,53.7,97.75,104.19,104.45,0,2022,11,4,46,0,0,670.76,652.28,612.07,579.81,664.7433333333333,649.8833333333333,10.795704392645732,33.15810650002072,0.9085728209223939,0.0006410638678515657,0.09659025928406884,0,False,False,True,True
2022-12-01,West Europe,Storage,663.3,745.13,53.06,97.53,104.41,104.54,0,2022,12,4,48,1,0,671.19,670.76,686.18,572.93,668.4166666666666,659.2966666666666,4.436376148771811,25.65615455727369,0.8901802370056231,-0.011755240691905589,-0.03334402051939722,0,False,False,True,True
2022-12-15,West Europe,Storage,688.6,780.93,55.09,99.66,104.38,103.69,0,2022,12,4,50,0,0,663.3,671.19,652.28,608.02,674.3633333333333,672.0516666666666,12.945077571547941,13.735927222678292,0.8817691726531188,0.03814262023217263,0.05568160912491571,0,False,False,True,True
